{
    "supervised": {
        "ANN": {
            "mse": 1.2675988816083568,
            "mae": 0.8731613660379274,
            "r2": -0.27549760521018335
        },
        "SVR": {
            "mse": 0.9600673592163286,
            "mae": 0.7318044758155219,
            "r2": 0.037951256038601076
        },
        "RandomForest": {
            "mse": 0.9163258854445571,
            "mae": 0.7437476100215709,
            "r2": 0.08031251149659777
        },
        "GradientBoosting": {
            "mse": 0.9223282393201577,
            "mae": 0.7492261150438451,
            "r2": 0.07403629263773
        }
    },
    "unsupervised": {
        "RandomForest": {
            "mse": 1.014889219030649,
            "mae": 0.7799872776713591,
            "r2": -0.01783244954973471
        },
        "GradientBoosting": {
            "mse": 0.9531053112272396,
            "mae": 0.7640276896541784,
            "r2": 0.04427883336905976
        },
        "SVR": {
            "mse": 0.9929239890055106,
            "mae": 0.748047817552129,
            "r2": 0.004574811510437993
        },
        "KeyBERT": {
            "mse": 1.1240684285830136,
            "mae": 0.81382295216505,
            "r2": -0.12686616333840933
        }
    }
}