{
    "supervised": {
        "ANN": {
            "mse": 1.1856115933907974,
            "mae": 0.859668674430876,
            "r2": -0.18931789458994847
        },
        "SVR": {
            "mse": 0.8512552368274193,
            "mae": 0.728125692977815,
            "r2": 0.14783145138774625
        },
        "RandomForest": {
            "mse": 0.8542546559582712,
            "mae": 0.7326245333109163,
            "r2": 0.1444559432281407
        },
        "GradientBoosting": {
            "mse": 0.8574093361793589,
            "mae": 0.734634775136675,
            "r2": 0.14138066982474323
        }
    },
    "unsupervised": {
        "RandomForest": {
            "mse": 0.9171224477969269,
            "mae": 0.7516337977771971,
            "r2": 0.08203514632861975
        },
        "GradientBoosting": {
            "mse": 0.8790752690994319,
            "mae": 0.7427726715394406,
            "r2": 0.11997275972935724
        },
        "SVR": {
            "mse": 0.8754723668157218,
            "mae": 0.7351276557222087,
            "r2": 0.12355866134343248
        },
        "KeyBERT": {
            "mse": 0.9919176843919384,
            "mae": 0.7826301921956669,
            "r2": 0.00786071980322196
        }
    }
}