{
    "supervised": {
        "ANN": {
            "mse": 0.8731471961391787,
            "mae": 0.7248382779440836,
            "r2": 0.1255567693207214
        },
        "SVR": {
            "mse": 0.6743773685671464,
            "mae": 0.648086786037932,
            "r2": 0.3247188320415785
        },
        "RandomForest": {
            "mse": 0.685910986618737,
            "mae": 0.6524314487574331,
            "r2": 0.3130768441067705
        },
        "GradientBoosting": {
            "mse": 0.714868817678154,
            "mae": 0.6689518891159872,
            "r2": 0.28403078975748236
        }
    },
    "unsupervised": {
        "RandomForest": {
            "mse": 0.761658625542526,
            "mae": 0.6795439779422754,
            "r2": 0.23770998072473018
        },
        "GradientBoosting": {
            "mse": 0.7876602627275522,
            "mae": 0.7050727506566968,
            "r2": 0.21112878480323927
        },
        "SVR": {
            "mse": 0.7428858562462513,
            "mae": 0.6708838166764455,
            "r2": 0.25640617351842565
        },
        "KeyBERT": {
            "mse": 0.8231781250494971,
            "mae": 0.7114114879968044,
            "r2": 0.17566501441506446
        }
    }
}