{
    "unsupervised": {
        "SVR": {
            "mse": 0.8017526069981734,
            "mae": 0.6810142036352704,
            "r2": 0.1970826048644185
        },
        "KeyBERT": {
            "mse": 0.8919951507186143,
            "mae": 0.728965939123264,
            "r2": 0.10689261972340089
        }
    },
    "supervised": {
        "ANN": {
            "mse": 0.9128244461413241,
            "mae": 0.7295628396342257,
            "r2": 0.0856579517722238
        },
        "SVR": {
            "mse": 0.7329936880941492,
            "mae": 0.6617230990364971,
            "r2": 0.26634818030759533
        }
    }
}