{
    "unsupervised": {
        "SVR": {
            "mse": 0.9465219709811239,
            "mae": 0.7430432848634673,
            "r2": 0.05292652938456834
        },
        "KeyBERT": {
            "mse": 0.9561137962782722,
            "mae": 0.7656496408681599,
            "r2": 0.04346924446677627
        }
    },
    "supervised": {
        "ANN": {
            "mse": 0.9128244461413241,
            "mae": 0.7295628396342257,
            "r2": 0.0856579517722238
        },
        "SVR": {
            "mse": 0.7329936880941492,
            "mae": 0.6617230990364971,
            "r2": 0.26634818030759533
        }
    }
}