{
    "supervised": {
        "ANN": {
            "mse": 0.9474589851371901,
            "mae": 0.7548090069587902,
            "r2": 0.05053580107453755
        },
        "SVR": {
            "mse": 0.7605074936144589,
            "mae": 0.694376327768351,
            "r2": 0.23851160940419386
        },
        "RandomForest": {
            "mse": 0.757419597364171,
            "mae": 0.706454016372437,
            "r2": 0.24172307218006658
        },
        "GradientBoosting": {
            "mse": 0.7608322494704195,
            "mae": 0.7110902035154805,
            "r2": 0.23830614164119415
        }
    },
    "unsupervised": {
        "RandomForest": {
            "mse": 0.8435732045749367,
            "mae": 0.7282026000160153,
            "r2": 0.15584400375385318
        },
        "GradientBoosting": {
            "mse": 0.8475273881746734,
            "mae": 0.7540983490015294,
            "r2": 0.1514214710883443
        },
        "SVR": {
            "mse": 0.8259090549269172,
            "mae": 0.71600469145944,
            "r2": 0.17349010333581757
        },
        "KeyBERT": {
            "mse": 0.9122778258545697,
            "mae": 0.7589303647248865,
            "r2": 0.08637461423073096
        }
    }
}