{
    "unsupervised": {
        "KeyBERT_TFIDF": {
            "mse": 0.9020066874342797,
            "mae": 0.7163129630180363,
            "r2": 0.08442282182129313
        },
        "RandomForest": {
            "mse": 0.7803588397284026,
            "mae": 0.6714831645618864,
            "r2": 0.20790083444098895
        },
        "GradientBoosting": {
            "mse": 0.7636775951324112,
            "mae": 0.6813240446954169,
            "r2": 0.22483304466567133
        },
        "SVR": {
            "mse": 0.737754417717965,
            "mae": 0.6507357376683377,
            "r2": 0.25114623054022056
        }
    }
}