{
    "unsupervised": {
        "KeyBERT_TFIDF": {
            "mse": 0.6934947209664399,
            "mae": 0.6139614751758625,
            "r2": 0.3275514086780371
        },
        "RandomForest": {
            "mse": 0.552204117881043,
            "mae": 0.5648695869540311,
            "r2": 0.4645541343504127
        },
        "GradientBoosting": {
            "mse": 0.6371957833264803,
            "mae": 0.6134696208055341,
            "r2": 0.3821417900671782
        },
        "SVR": {
            "mse": 0.583997243790702,
            "mae": 0.5717037791875763,
            "r2": 0.4337258640185515
        }
    }
}