{
    "unsupervised": {
        "KeyBERT_TFIDF": {
            "mse": 1.090152252233797,
            "mae": 0.7906909340946946,
            "r2": -0.06340427615700128
        },
        "RandomForest": {
            "mse": 0.8119959312314885,
            "mae": 0.7042419089821329,
            "r2": 0.20792720124705388
        },
        "GradientBoosting": {
            "mse": 0.8400744489049639,
            "mae": 0.7271476649848031,
            "r2": 0.1805376180939292
        },
        "SVR": {
            "mse": 0.7425405684529348,
            "mae": 0.6646763515671532,
            "r2": 0.27567840721796966
        }
    }
}