{
    "unsupervised": {
        "KeyBERT_TFIDF": {
            "mse": 1.2708123575799002,
            "mae": 0.876954747688956,
            "r2": -0.004968804850944641
        },
        "RandomForest": {
            "mse": 1.0501888092844558,
            "mae": 0.7899897474485013,
            "r2": 0.16950210136111354
        },
        "GradientBoosting": {
            "mse": 1.0824767908899615,
            "mae": 0.7844998648506982,
            "r2": 0.14396850146212592
        },
        "SVR": {
            "mse": 1.0395748641905762,
            "mae": 0.7785007401141231,
            "r2": 0.1778956959403032
        }
    }
}