{
    "unsupervised": {
        "KeyBERT_TFIDF": {
            "mse": 0.9233429064879842,
            "mae": 0.7464068339880304,
            "r2": 0.08702967161268016
        },
        "RandomForest": {
            "mse": 0.7465909028805112,
            "mae": 0.6764337709751729,
            "r2": 0.26179609223794253
        },
        "GradientBoosting": {
            "mse": 0.7653884605858488,
            "mae": 0.6851948342521917,
            "r2": 0.24320970108192308
        },
        "SVR": {
            "mse": 0.6938689705339047,
            "mae": 0.6452313373712122,
            "r2": 0.3139257610202324
        }
    }
}