{
    "unsupervised": {
        "KeyBERT_TFIDF": {
            "mse": 1.1294404618121043,
            "mae": 0.8062048678171307,
            "r2": -0.16573020257720672
        },
        "RandomForest": {
            "mse": 0.8058474953272695,
            "mae": 0.690897928192012,
            "r2": 0.16826004049209198
        },
        "GradientBoosting": {
            "mse": 0.8273914760996585,
            "mae": 0.7515771343084723,
            "r2": 0.14602383600033686
        },
        "SVR": {
            "mse": 0.768145423182652,
            "mae": 0.6715991707682736,
            "r2": 0.20717350754480424
        }
    }
}