{
    "unsupervised": {
        "KeyBERT_TFIDF": {
            "mse": 1.024031176596414,
            "mae": 0.7761480469119901,
            "r2": 0.010371991131597036
        },
        "RandomForest": {
            "mse": 0.8268783128182253,
            "mae": 0.7020115173433205,
            "r2": 0.20090134266168946
        },
        "GradientBoosting": {
            "mse": 0.8385483880842023,
            "mae": 0.7298386707589305,
            "r2": 0.1896233331510817
        },
        "SVR": {
            "mse": 0.8086602654684093,
            "mae": 0.6901703366046082,
            "r2": 0.21850733976052028
        }
    }
}