{
    "unsupervised": {
        "KeyBERT_TFIDF": {
            "mse": 1.4443167565331343,
            "mae": 0.9118041651047031,
            "r2": -0.543780298370391
        },
        "RandomForest": {
            "mse": 1.0168691628400333,
            "mae": 0.7479974308122526,
            "r2": -0.08689632832409977
        },
        "GradientBoosting": {
            "mse": 0.902388944658397,
            "mae": 0.7238260968393192,
            "r2": 0.03546762306158746
        },
        "SVR": {
            "mse": 0.9328970856081467,
            "mae": 0.7185384684782036,
            "r2": 0.0028585248668245855
        }
    }
}