{
    "unsupervised": {
        "KeyBERT_TFIDF": {
            "mse": 0.9875083220389406,
            "mae": 0.7772992395265036,
            "r2": -0.008977435006138235
        },
        "RandomForest": {
            "mse": 0.80037211882809,
            "mae": 0.6779921224404276,
            "r2": 0.1822272385125785
        },
        "GradientBoosting": {
            "mse": 0.7809491226206401,
            "mae": 0.6920403150639337,
            "r2": 0.20207250407253186
        },
        "SVR": {
            "mse": 0.7532970086552985,
            "mae": 0.6479017644723799,
            "r2": 0.23032579409406917
        }
    }
}