{
    "unsupervised": {
        "KeyBERT_TFIDF": {
            "mse": 1.1635352436234698,
            "mae": 0.8217818276645118,
            "r2": -0.13340011826299136
        },
        "RandomForest": {
            "mse": 0.9223907828698042,
            "mae": 0.7428759128783874,
            "r2": 0.10149879161920594
        },
        "GradientBoosting": {
            "mse": 0.8972171106508512,
            "mae": 0.7320683379214014,
            "r2": 0.126020475192126
        },
        "SVR": {
            "mse": 0.879637846227434,
            "mae": 0.6988513542777244,
            "r2": 0.1431444432761776
        }
    }
}