{
    "unsupervised": {
        "KeyBERT_TFIDF": {
            "mse": 0.9355399442620254,
            "mae": 0.75095648575857,
            "r2": 0.09095088417130348
        },
        "RandomForest": {
            "mse": 0.8072400363832346,
            "mae": 0.6985677132241255,
            "r2": 0.21561784097357983
        },
        "GradientBoosting": {
            "mse": 0.807166511189504,
            "mae": 0.7024835590214671,
            "r2": 0.21568928422168687
        },
        "SVR": {
            "mse": 0.7908877664532138,
            "mae": 0.6932980866210228,
            "r2": 0.23150707864092868
        }
    }
}