{
    "unsupervised": {
        "KeyBERT_TFIDF": {
            "mse": 1.0745381068478532,
            "mae": 0.8007807262698678,
            "r2": -0.133055280143773
        },
        "RandomForest": {
            "mse": 0.7987801304741341,
            "mae": 0.6863498170249805,
            "r2": 0.1577199182236172
        },
        "GradientBoosting": {
            "mse": 0.7636122872050634,
            "mae": 0.6649957967031724,
            "r2": 0.19480293115107894
        },
        "SVR": {
            "mse": 0.7292715074480465,
            "mae": 0.6365452080038614,
            "r2": 0.2310138403593941
        }
    }
}