{
    "unsupervised": {
        "KeyBERT_TFIDF": {
            "mse": 1.3704379242922322,
            "mae": 0.859384499474924,
            "r2": -0.2750428847788975
        },
        "RandomForest": {
            "mse": 1.018641474852761,
            "mae": 0.760324890490203,
            "r2": 0.0522653075859153
        },
        "GradientBoosting": {
            "mse": 0.9682949520810143,
            "mae": 0.764469304865643,
            "r2": 0.0991072509498423
        },
        "SVR": {
            "mse": 0.9432610635208575,
            "mae": 0.7177159011223908,
            "r2": 0.12239855143210288
        }
    }
}