{
    "unsupervised": {
        "KeyBERT_TFIDF": {
            "mse": 1.037694568202285,
            "mae": 0.746453557832477,
            "r2": -0.01382615555211597
        },
        "RandomForest": {
            "mse": 0.8268942391867516,
            "mae": 0.6644881822886155,
            "r2": 0.19212547386151924
        },
        "GradientBoosting": {
            "mse": 0.846572784057663,
            "mae": 0.702658339945049,
            "r2": 0.17289956278452612
        },
        "SVR": {
            "mse": 0.8140680651217322,
            "mae": 0.640847380650028,
            "r2": 0.20465662815416263
        }
    }
}