{
    "unsupervised": {
        "KeyBERT_TFIDF": {
            "mse": 0.8123623629194316,
            "mae": 0.6765729520037819,
            "r2": 0.19127317884479678
        },
        "RandomForest": {
            "mse": 0.6532510246052349,
            "mae": 0.6223441317778851,
            "r2": 0.34967245079303744
        },
        "GradientBoosting": {
            "mse": 0.7142231496105688,
            "mae": 0.6684817647588827,
            "r2": 0.2889731925735477
        },
        "SVR": {
            "mse": 0.6745582766612503,
            "mae": 0.6111049764651024,
            "r2": 0.3284605544652861
        }
    }
}