{
    "unsupervised": {
        "KeyBERT_TFIDF": {
            "mse": 1.1536600609142682,
            "mae": 0.8375467823416306,
            "r2": -0.1060756913267864
        },
        "RandomForest": {
            "mse": 0.9183332150317673,
            "mae": 0.7666123873203803,
            "r2": 0.11954476010928172
        },
        "GradientBoosting": {
            "mse": 0.9102500588094025,
            "mae": 0.7864882271834471,
            "r2": 0.12729451491978405
        },
        "SVR": {
            "mse": 0.9060154816294304,
            "mae": 0.7649306315210109,
            "r2": 0.13135443086946375
        }
    }
}