{
    "unsupervised": {
        "KeyBERT_TFIDF": {
            "mse": 0.9840566906226808,
            "mae": 0.7513411167728115,
            "r2": 0.05843799774088321
        },
        "RandomForest": {
            "mse": 0.7578461867094778,
            "mae": 0.6908957582074027,
            "r2": 0.27488001477730495
        },
        "GradientBoosting": {
            "mse": 0.7863623193207026,
            "mae": 0.7044028329777696,
            "r2": 0.24759529919743162
        },
        "SVR": {
            "mse": 0.7061357556324551,
            "mae": 0.6536399796124995,
            "r2": 0.3243574254656617
        }
    }
}