{
    "unsupervised": {
        "KeyBERT_TFIDF": {
            "mse": 1.0611136140731263,
            "mae": 0.7785253157578751,
            "r2": 0.05538809021260982
        },
        "RandomForest": {
            "mse": 0.8566887700982377,
            "mae": 0.7052378879644539,
            "r2": 0.2373687374440393
        },
        "GradientBoosting": {
            "mse": 0.8727440432186429,
            "mae": 0.7259257114427055,
            "r2": 0.22307620363495106
        },
        "SVR": {
            "mse": 0.8437517577611325,
            "mae": 0.6837548143400707,
            "r2": 0.2488853703178625
        }
    }
}