{
    "unsupervised": {
        "KeyBERT_TFIDF": {
            "mse": 1.0149782007171229,
            "mae": 0.7840499925540303,
            "r2": -0.017899393925960627
        },
        "RandomForest": {
            "mse": 0.7587228305073498,
            "mae": 0.6989905206201183,
            "r2": 0.23909350093868298
        },
        "GradientBoosting": {
            "mse": 0.7699009910483502,
            "mae": 0.712077530015366,
            "r2": 0.22788316870509184
        },
        "SVR": {
            "mse": 0.7520204245365214,
            "mae": 0.690641001142192,
            "r2": 0.24581519700144738
        }
    }
}