{
    "unsupervised": {
        "KeyBERT_TFIDF": {
            "mse": 0.9983243470452569,
            "mae": 0.7732078703619014,
            "r2": -0.03182351355796076
        },
        "RandomForest": {
            "mse": 0.7811490140237578,
            "mae": 0.6932383133006071,
            "r2": 0.19263922326659244
        },
        "GradientBoosting": {
            "mse": 0.7902677474464621,
            "mae": 0.6954578005831716,
            "r2": 0.18321450715377718
        },
        "SVR": {
            "mse": 0.7591220538027561,
            "mae": 0.6780555508922598,
            "r2": 0.21540530680998515
        }
    }
}