{
    "unsupervised": {
        "KeyBERT_TFIDF": {
            "mse": 1.052316399033708,
            "mae": 0.7698690549646969,
            "r2": -0.0485409064694271
        },
        "RandomForest": {
            "mse": 0.7861625965700267,
            "mae": 0.6808837127884144,
            "r2": 0.2166579914588127
        },
        "GradientBoosting": {
            "mse": 0.7750514208065173,
            "mae": 0.6885227229864039,
            "r2": 0.22772930263262825
        },
        "SVR": {
            "mse": 0.734029196996448,
            "mae": 0.643337662326785,
            "r2": 0.2686043472282452
        }
    }
}