{
    "unsupervised": {
        "KeyBERT_TFIDF": {
            "mse": 0.9585999217135103,
            "mae": 0.7721307451950292,
            "r2": -0.012767308401500088
        },
        "RandomForest": {
            "mse": 0.6761032164233005,
            "mae": 0.6552806077404186,
            "r2": 0.285692373649844
        },
        "GradientBoosting": {
            "mse": 0.6964528852322832,
            "mae": 0.6789457476397465,
            "r2": 0.26419281075639445
        },
        "SVR": {
            "mse": 0.6588619901488457,
            "mae": 0.6433463991728571,
            "r2": 0.30390784595690234
        }
    }
}