{
    "unsupervised": {
        "KeyBERT_TFIDF": {
            "mse": 1.0785222425188408,
            "mae": 0.7913522408571642,
            "r2": 0.01241529662514762
        },
        "RandomForest": {
            "mse": 0.9034521295033213,
            "mae": 0.7166769454792685,
            "r2": 0.17272405875919628
        },
        "GradientBoosting": {
            "mse": 0.9267880589243932,
            "mae": 0.7456136882360818,
            "r2": 0.1513557401221487
        },
        "SVR": {
            "mse": 0.9062171678156753,
            "mae": 0.7125756542875503,
            "r2": 0.17019215961620904
        }
    }
}