{
    "unsupervised": {
        "KeyBERT_TFIDF": {
            "mse": 0.9617235398658589,
            "mae": 0.7259075617591482,
            "r2": 0.12225082745902771
        },
        "RandomForest": {
            "mse": 0.7885187468269924,
            "mae": 0.6662455308951852,
            "r2": 0.2803319780890732
        },
        "GradientBoosting": {
            "mse": 0.8662582692070292,
            "mae": 0.7336007829839374,
            "r2": 0.2093804014516487
        },
        "SVR": {
            "mse": 0.7304178530500677,
            "mae": 0.6433169792129613,
            "r2": 0.33335970312916086
        }
    }
}