{
    "unsupervised": {
        "KeyBERT_TFIDF": {
            "mse": 1.143320136036646,
            "mae": 0.8536112966423758,
            "r2": -0.09939726058085441
        },
        "RandomForest": {
            "mse": 0.842371205011916,
            "mae": 0.7315310617285292,
            "r2": 0.18999012963014061
        },
        "GradientBoosting": {
            "mse": 0.8536619090011802,
            "mae": 0.7545084875537102,
            "r2": 0.17913318008068513
        },
        "SVR": {
            "mse": 0.8156232324400032,
            "mae": 0.7033268960593368,
            "r2": 0.2157105266080087
        }
    }
}