{
    "unsupervised": {
        "KeyBERT_TFIDF": {
            "mse": 1.269670696194127,
            "mae": 0.8487165090343631,
            "r2": -0.16931672392788322
        },
        "RandomForest": {
            "mse": 1.023651498452935,
            "mae": 0.7694341197972245,
            "r2": 0.05725727135168701
        },
        "GradientBoosting": {
            "mse": 0.9554058359483575,
            "mae": 0.7502494052292961,
            "r2": 0.12010883966884645
        },
        "SVR": {
            "mse": 0.9727346420635363,
            "mae": 0.7526026294474617,
            "r2": 0.1041496914763892
        }
    }
}