{
    "unsupervised": {
        "KeyBERT_TFIDF": {
            "mse": 1.0830871317449347,
            "mae": 0.815232288805554,
            "r2": -0.2517093166149855
        },
        "RandomForest": {
            "mse": 0.7843214133775644,
            "mae": 0.7111547834468196,
            "r2": 0.09357022942035143
        },
        "GradientBoosting": {
            "mse": 0.7331107289338781,
            "mae": 0.6897996707082464,
            "r2": 0.15275373271349924
        },
        "SVR": {
            "mse": 0.779862240844124,
            "mae": 0.7175805810772828,
            "r2": 0.09872363549536278
        }
    }
}