{
    "unsupervised": {
        "KeyBERT_TFIDF": {
            "mse": 0.9782604184923109,
            "mae": 0.7444313786515172,
            "r2": -0.040376841684467646
        },
        "RandomForest": {
            "mse": 0.789165342512332,
            "mae": 0.6658324506046123,
            "r2": 0.16072516981195395
        },
        "GradientBoosting": {
            "mse": 0.7975232867439577,
            "mae": 0.6824781822281689,
            "r2": 0.15183652272136128
        },
        "SVR": {
            "mse": 0.6943429050411101,
            "mae": 0.6221056612855858,
            "r2": 0.26156853028356875
        }
    }
}