{
    "unsupervised": {
        "KeyBERT_TFIDF": {
            "mse": 1.1397489399776293,
            "mae": 0.8311889639057247,
            "r2": -0.016569522266553616
        },
        "RandomForest": {
            "mse": 0.9509290588719398,
            "mae": 0.7743107048764802,
            "r2": 0.15184347606780402
        },
        "GradientBoosting": {
            "mse": 0.9602192763895333,
            "mae": 0.7787887838722056,
            "r2": 0.14355730737542705
        },
        "SVR": {
            "mse": 0.959873999811379,
            "mae": 0.768287202489098,
            "r2": 0.14386526786899945
        }
    }
}