{
    "unsupervised": {
        "KeyBERT_TFIDF": {
            "mse": 0.8315466757521337,
            "mae": 0.7120163203208862,
            "r2": 0.12890672234561218
        },
        "RandomForest": {
            "mse": 0.6262240184466962,
            "mae": 0.6361167053477936,
            "r2": 0.3439940911540169
        },
        "GradientBoosting": {
            "mse": 0.683821049199622,
            "mae": 0.6591589491095203,
            "r2": 0.2836578673860055
        },
        "SVR": {
            "mse": 0.6342495729353145,
            "mae": 0.6316665718707863,
            "r2": 0.33558685826097334
        }
    }
}