{
    "unsupervised": {
        "KeyBERT_TFIDF": {
            "mse": 1.0116227473995523,
            "mae": 0.7580458686813718,
            "r2": 0.007043444954413669
        },
        "RandomForest": {
            "mse": 0.776384056667628,
            "mae": 0.688373618639166,
            "r2": 0.23794157428478335
        },
        "GradientBoosting": {
            "mse": 0.796714383822444,
            "mae": 0.708256485443297,
            "r2": 0.21798637688882894
        },
        "SVR": {
            "mse": 0.7400823842397793,
            "mae": 0.6670167014884759,
            "r2": 0.27357341796268475
        }
    }
}