{
    "unsupervised": {
        "KeyBERT_TFIDF": {
            "mse": 1.050837828147163,
            "mae": 0.7877926013548142,
            "r2": -0.012537845494523525
        },
        "RandomForest": {
            "mse": 0.893927042702519,
            "mae": 0.7280779808670144,
            "r2": 0.13865399816902935
        },
        "GradientBoosting": {
            "mse": 0.8594388949268176,
            "mae": 0.7132248274663614,
            "r2": 0.171885153261226
        },
        "SVR": {
            "mse": 0.81560959329286,
            "mae": 0.6864695808871116,
            "r2": 0.21411700432070468
        }
    }
}