{
    "unsupervised": {
        "KeyBERT_TFIDF": {
            "mse": 0.9611781352904245,
            "mae": 0.7549284459151839,
            "r2": 0.14693741893903411
        },
        "RandomForest": {
            "mse": 0.8260366345206208,
            "mae": 0.7238192694809678,
            "r2": 0.2668778890999659
        },
        "GradientBoosting": {
            "mse": 0.8823867252408664,
            "mae": 0.7514810971553347,
            "r2": 0.21686618776397193
        },
        "SVR": {
            "mse": 0.8373762310376063,
            "mae": 0.7152017572135592,
            "r2": 0.2568137967971934
        }
    }
}