{
    "unsupervised": {
        "KeyBERT_TFIDF": {
            "mse": 1.2175408834290695,
            "mae": 0.8474657246125159,
            "r2": -0.20779154278801015
        },
        "RandomForest": {
            "mse": 0.8781223035117017,
            "mae": 0.7456282689883028,
            "r2": 0.12890917574124616
        },
        "GradientBoosting": {
            "mse": 0.8912956540905054,
            "mae": 0.7896260956934986,
            "r2": 0.11584130949066895
        },
        "SVR": {
            "mse": 0.873399342372584,
            "mae": 0.7476030121695524,
            "r2": 0.13359431822671008
        }
    }
}