{
    "unsupervised": {
        "KeyBERT_TFIDF": {
            "mse": 0.8966034747064198,
            "mae": 0.7221268610991604,
            "r2": 0.15331475291705898
        },
        "RandomForest": {
            "mse": 0.7913677177686065,
            "mae": 0.6726757781674011,
            "r2": 0.25269152913803883
        },
        "GradientBoosting": {
            "mse": 0.8356613576333042,
            "mae": 0.7167651581033605,
            "r2": 0.2108639292334944
        },
        "SVR": {
            "mse": 0.7852672051967818,
            "mae": 0.6824391665783172,
            "r2": 0.2584523968347642
        }
    }
}