{
    "unsupervised": {
        "KeyBERT_TFIDF": {
            "mse": 1.1515852440906353,
            "mae": 0.8650877631300975,
            "r2": -0.3130656167410799
        },
        "RandomForest": {
            "mse": 0.9217475592002704,
            "mae": 0.7464689884677833,
            "r2": -0.05099907584924779
        },
        "GradientBoosting": {
            "mse": 0.8075614516708314,
            "mae": 0.706316801582315,
            "r2": 0.07919871235253084
        },
        "SVR": {
            "mse": 0.8222270740119753,
            "mae": 0.6967824170880531,
            "r2": 0.06247661162826146
        }
    }
}