{
    "unsupervised": {
        "KeyBERT_TFIDF": {
            "mse": 1.1222728928978902,
            "mae": 0.8273171020514478,
            "r2": -0.0354278778478736
        },
        "RandomForest": {
            "mse": 0.8666132847356101,
            "mae": 0.7381060301173208,
            "r2": 0.2004479837238572
        },
        "GradientBoosting": {
            "mse": 0.8855650520509075,
            "mae": 0.7623965459828985,
            "r2": 0.18296276391954114
        },
        "SVR": {
            "mse": 0.8223537118040017,
            "mae": 0.7242032559518361,
            "r2": 0.24128261134877838
        }
    }
}