{
    "unsupervised": {
        "KeyBERT_TFIDF": {
            "mse": 1.0029947839855609,
            "mae": 0.7424918987790909,
            "r2": -0.0108932452128927
        },
        "RandomForest": {
            "mse": 0.7766845152756008,
            "mae": 0.6541393432670576,
            "r2": 0.2171991891785774
        },
        "GradientBoosting": {
            "mse": 0.7641753185029336,
            "mae": 0.6843245317493512,
            "r2": 0.22980689434557677
        },
        "SVR": {
            "mse": 0.7418530749455126,
            "mae": 0.6339706183418589,
            "r2": 0.252304922840328
        }
    }
}