{
    "unsupervised": {
        "KeyBERT_TFIDF": {
            "mse": 1.011852884186969,
            "mae": 0.7610348612319869,
            "r2": 0.037072602195365345
        },
        "RandomForest": {
            "mse": 0.8269598054916083,
            "mae": 0.6884346708034714,
            "r2": 0.21302566209425222
        },
        "GradientBoosting": {
            "mse": 0.8834134942748063,
            "mae": 0.7282962875618286,
            "r2": 0.15930164303375727
        },
        "SVR": {
            "mse": 0.7837141465383055,
            "mae": 0.6723037847321887,
            "r2": 0.2541802908876568
        }
    }
}