{
    "unsupervised": {
        "KeyBERT_TFIDF": {
            "mse": 1.2220201571654763,
            "mae": 0.8300598635813706,
            "r2": -0.14523375394114746
        },
        "RandomForest": {
            "mse": 0.8948946492975894,
            "mae": 0.7128004034749156,
            "r2": 0.16133661741379424
        },
        "GradientBoosting": {
            "mse": 0.9035333241146986,
            "mae": 0.7418702776069567,
            "r2": 0.1532407591483933
        },
        "SVR": {
            "mse": 0.8726674480944111,
            "mae": 0.7082292113995574,
            "r2": 0.18216715848487275
        }
    }
}