{
    "unsupervised": {
        "KeyBERT_TFIDF": {
            "mse": 0.954842211487038,
            "mae": 0.7238898842105326,
            "r2": 0.03036071184558753
        },
        "RandomForest": {
            "mse": 0.8148633287386285,
            "mae": 0.6746146527869299,
            "r2": 0.17250883076194545
        },
        "GradientBoosting": {
            "mse": 0.8112410643366006,
            "mae": 0.6914865314875982,
            "r2": 0.17618722896641903
        },
        "SVR": {
            "mse": 0.7658892588576385,
            "mae": 0.6564791479991638,
            "r2": 0.2222418460037756
        }
    }
}