{
    "unsupervised": {
        "KeyBERT_TFIDF": {
            "mse": 0.8452405006680118,
            "mae": 0.7180755199245902,
            "r2": 0.1646900660151327
        },
        "RandomForest": {
            "mse": 0.7249261674013711,
            "mae": 0.6806949125637305,
            "r2": 0.28359084951872005
        },
        "GradientBoosting": {
            "mse": 0.7695828308990235,
            "mae": 0.7125117830697334,
            "r2": 0.2394588484980309
        },
        "SVR": {
            "mse": 0.697798582223249,
            "mae": 0.6693826140104882,
            "r2": 0.3103997179607757
        }
    }
}