{
    "unsupervised": {
        "KeyBERT_TFIDF": {
            "mse": 1.059374405526501,
            "mae": 0.7663651118900634,
            "r2": 0.03826716658862006
        },
        "RandomForest": {
            "mse": 0.8084732760534964,
            "mae": 0.6943311709466857,
            "r2": 0.2660429679440097
        },
        "GradientBoosting": {
            "mse": 0.931830332628559,
            "mae": 0.7550600566076239,
            "r2": 0.15405561869116335
        },
        "SVR": {
            "mse": 0.8045545310356836,
            "mae": 0.6862773109693486,
            "r2": 0.26960052580998883
        }
    }
}