{
    "unsupervised": {
        "KeyBERT_TFIDF": {
            "mse": 1.2257655911075285,
            "mae": 0.8362252897463099,
            "r2": -0.11773530424644285
        },
        "RandomForest": {
            "mse": 0.9325516456803762,
            "mae": 0.7533856180233934,
            "r2": 0.14963684331498084
        },
        "GradientBoosting": {
            "mse": 0.9585536647248535,
            "mae": 0.7379039580134149,
            "r2": 0.12592645783953238
        },
        "SVR": {
            "mse": 0.8831457192185889,
            "mae": 0.7209972545733357,
            "r2": 0.19468848177339715
        }
    }
}