{
    "unsupervised": {
        "KeyBERT_TFIDF": {
            "mse": 1.4892654221252832,
            "mae": 0.93613162178682,
            "r2": -0.4636588906918666
        },
        "RandomForest": {
            "mse": 1.0708854827048193,
            "mae": 0.7953507130498149,
            "r2": -0.05247260453879177
        },
        "GradientBoosting": {
            "mse": 0.9845121710004701,
            "mae": 0.7649035659892208,
            "r2": 0.03241559854199905
        },
        "SVR": {
            "mse": 1.0375372512455854,
            "mae": 0.7792520290918665,
            "r2": -0.0196977648500396
        }
    }
}