{
    "unsupervised": {
        "KeyBERT_TFIDF": {
            "mse": 0.9016727927585941,
            "mae": 0.7337854792024405,
            "r2": 0.14387025652873142
        },
        "RandomForest": {
            "mse": 0.7131008705208481,
            "mae": 0.6655645304254189,
            "r2": 0.32291750372066097
        },
        "GradientBoosting": {
            "mse": 0.7457531446517028,
            "mae": 0.6725904838448448,
            "r2": 0.29191447989660013
        },
        "SVR": {
            "mse": 0.7024791920464244,
            "mae": 0.6453735210035489,
            "r2": 0.33300268643946274
        }
    }
}