{
    "unsupervised": {
        "KeyBERT_TFIDF": {
            "mse": 0.9613297482733578,
            "mae": 0.7374169443648237,
            "r2": 0.06230974982796633
        },
        "RandomForest": {
            "mse": 0.7395165520868832,
            "mae": 0.6754291891783399,
            "r2": 0.2786684673201981
        },
        "GradientBoosting": {
            "mse": 0.7711018548050664,
            "mae": 0.7345458447022756,
            "r2": 0.24785986032476492
        },
        "SVR": {
            "mse": 0.7532384807371278,
            "mae": 0.676430296969832,
            "r2": 0.26528396659919073
        }
    }
}