{
    "supervised": {
        "ANN": {
            "mse": 0.9894755432650261,
            "mae": 0.7579266710883257,
            "r2": 0.008342095763787905
        },
        "SVR": {
            "mse": 0.7773844057345723,
            "mae": 0.6780925494968221,
            "r2": 0.22149192839867435
        },
        "RandomForest": {
            "mse": 0.7473938846192408,
            "mae": 0.6770089925950687,
            "r2": 0.25082634339593674
        },
        "GradientBoosting": {
            "mse": 0.7816234804271609,
            "mae": 0.6956453078419719,
            "r2": 0.21645327244335175
        }
    },
    "unsupervised": {
        "RandomForest": {
            "mse": 0.8080163447533414,
            "mae": 0.6934499435864021,
            "r2": 0.1900149378455126
        },
        "GradientBoosting": {
            "mse": 0.8063858879287278,
            "mae": 0.7085387020809235,
            "r2": 0.19244266147580752
        },
        "SVR": {
            "mse": 0.7985486075037282,
            "mae": 0.6782729617543803,
            "r2": 0.19967132633746373
        },
        "KeyBERT": {
            "mse": 0.8753391382184071,
            "mae": 0.7229556369702739,
            "r2": 0.1226178749880911
        }
    }
}