{
    "supervised": {
        "ANN": {
            "mse": 0.977405249384917,
            "mae": 0.7640949649935743,
            "r2": 0.018750380882141406
        },
        "SVR": {
            "mse": 0.7844342046513951,
            "mae": 0.6950812584494844,
            "r2": 0.21317578761217226
        },
        "RandomForest": {
            "mse": 0.7664923842251621,
            "mae": 0.6900918422454835,
            "r2": 0.23117235982537565
        },
        "GradientBoosting": {
            "mse": 0.8011101518764876,
            "mae": 0.7092458372163467,
            "r2": 0.1964147822665878
        }
    },
    "unsupervised": {
        "RandomForest": {
            "mse": 0.8390543119269906,
            "mae": 0.7178946334530091,
            "r2": 0.15850460534747587
        },
        "GradientBoosting": {
            "mse": 0.8536311878763195,
            "mae": 0.734311823250444,
            "r2": 0.143914431598439
        },
        "SVR": {
            "mse": 0.8286129579734614,
            "mae": 0.7140225976013197,
            "r2": 0.1689268494359985
        },
        "KeyBERT": {
            "mse": 0.9440240611220417,
            "mae": 0.7679635204737542,
            "r2": 0.05280662970060261
        }
    }
}