{
    "unsupervised": {
        "RandomForest": {
            "mse": 0.9446797225683546,
            "mae": 0.7562394964348134,
            "r2": 0.05375709879219366
        },
        "GradientBoosting": {
            "mse": 0.9205943335441287,
            "mae": 0.7472421449627815,
            "r2": 0.07814012562404679
        },
        "SVR": {
            "mse": 0.8995163356384659,
            "mae": 0.7330215929402281,
            "r2": 0.10152401402539837
        },
        "KeyBERT": {
            "mse": 1.014590756990956,
            "mae": 0.7810523430986515,
            "r2": -0.015442918180787713
        }
    },
    "supervised": {
        "ANN": {
            "mse": 1.2087096700345534,
            "mae": 0.852221782423132,
            "r2": -0.2111069893076592
        },
        "RandomForest": {
            "mse": 0.8562760568757437,
            "mae": 0.7190217958293939,
            "r2": 0.14409020796907382
        },
        "GradientBoosting": {
            "mse": 0.8956716414872081,
            "mae": 0.7399530217034567,
            "r2": 0.10371857935282887
        },
        "SVR": {
            "mse": 0.8787491722884859,
            "mae": 0.7262048822397483,
            "r2": 0.12092942678837959
        }
    }
}