{
    "supervised": {
        "ANN": {
            "mse": 0.7997205912264109,
            "mae": 0.6945668689071207,
            "r2": 0.19795249385289246
        },
        "SVR": {
            "mse": 0.656291079046572,
            "mae": 0.6402206523570176,
            "r2": 0.3422743957158848
        },
        "RandomForest": {
            "mse": 0.6623772849372261,
            "mae": 0.6377070980344705,
            "r2": 0.33647351352406685
        },
        "GradientBoosting": {
            "mse": 0.6899422208378535,
            "mae": 0.6582183302916323,
            "r2": 0.3090137882946725
        }
    },
    "unsupervised": {
        "RandomForest": {
            "mse": 0.7385617600592764,
            "mae": 0.6672206415899586,
            "r2": 0.2597106962126393
        },
        "GradientBoosting": {
            "mse": 0.7880384441977819,
            "mae": 0.7046038899440206,
            "r2": 0.21033606865392446
        },
        "SVR": {
            "mse": 0.7352037248392087,
            "mae": 0.668211560792322,
            "r2": 0.26252079001159967
        },
        "KeyBERT": {
            "mse": 0.7912405079825424,
            "mae": 0.6961378297195646,
            "r2": 0.20492653980883374
        }
    }
}