{
    "supervised": {
        "ANN": {
            "mse": 0.8219281221306207,
            "mae": 0.7016500331126008,
            "r2": 0.17505447454253661
        },
        "SVR": {
            "mse": 0.6898172001908174,
            "mae": 0.6611074645252587,
            "r2": 0.30836696293497345
        },
        "RandomForest": {
            "mse": 0.6953854136472334,
            "mae": 0.6578282796746309,
            "r2": 0.30284855967463165
        },
        "GradientBoosting": {
            "mse": 0.7178407695651792,
            "mae": 0.6723617942804478,
            "r2": 0.2800093943765237
        }
    },
    "unsupervised": {
        "RandomForest": {
            "mse": 0.7803353385216614,
            "mae": 0.692950571271683,
            "r2": 0.21702742679856407
        },
        "GradientBoosting": {
            "mse": 0.7910962093108748,
            "mae": 0.7069778878493554,
            "r2": 0.20660034427009313
        },
        "SVR": {
            "mse": 0.76872112366414,
            "mae": 0.6871058894530563,
            "r2": 0.22827794372756208
        },
        "KeyBERT": {
            "mse": 0.8710832926612098,
            "mae": 0.7372959068994716,
            "r2": 0.12703462803340837
        }
    }
}