{
    "supervised": {
        "ANN": {
            "mse": 0.9063844542887637,
            "mae": 0.7580474537812993,
            "r2": 0.09107805224124454
        },
        "SVR": {
            "mse": 0.6962053950210263,
            "mae": 0.6699827383306507,
            "r2": 0.3028521014463262
        },
        "RandomForest": {
            "mse": 0.6858657641428257,
            "mae": 0.6640157295453365,
            "r2": 0.3137907353867174
        },
        "GradientBoosting": {
            "mse": 0.7083893690905205,
            "mae": 0.6795065571721716,
            "r2": 0.29113947121096684
        }
    },
    "unsupervised": {
        "RandomForest": {
            "mse": 0.7927539462148614,
            "mae": 0.7065417141069684,
            "r2": 0.20713994871739932
        },
        "GradientBoosting": {
            "mse": 0.7797727262023637,
            "mae": 0.7129200728946419,
            "r2": 0.22005197677999452
        },
        "SVR": {
            "mse": 0.7396571883861217,
            "mae": 0.6837274554134617,
            "r2": 0.2602928703465091
        },
        "KeyBERT": {
            "mse": 0.8599454833366327,
            "mae": 0.734093078824759,
            "r2": 0.14020864853270548
        }
    }
}