{
    "supervised": {
        "ANN": {
            "mse": 0.8712504565706078,
            "mae": 0.7182520076363184,
            "r2": 0.12254733427437996
        },
        "SVR": {
            "mse": 0.7445298621581606,
            "mae": 0.6681136665224146,
            "r2": 0.25276743246051314
        },
        "RandomForest": {
            "mse": 0.72870263115917,
            "mae": 0.6621199833812695,
            "r2": 0.2683359204434181
        },
        "GradientBoosting": {
            "mse": 0.7629535903594944,
            "mae": 0.6810460788249205,
            "r2": 0.2338294460257988
        }
    },
    "unsupervised": {
        "RandomForest": {
            "mse": 0.8516448437043092,
            "mae": 0.707721803294441,
            "r2": 0.1451172654138735
        },
        "GradientBoosting": {
            "mse": 0.8512133961032792,
            "mae": 0.7184105238869606,
            "r2": 0.14614820619827015
        },
        "SVR": {
            "mse": 0.8187088158846627,
            "mae": 0.6943702326735889,
            "r2": 0.17851733578593026
        },
        "KeyBERT": {
            "mse": 0.9252181038359929,
            "mae": 0.741052672577321,
            "r2": 0.06986650471326569
        }
    }
}