{
    "supervised": {
        "ANN": {
            "mse": 1.0044304063996647,
            "mae": 0.7706190057708991,
            "r2": -0.010237443913028166
        },
        "SVR": {
            "mse": 0.8018653808796602,
            "mae": 0.6819402997233323,
            "r2": 0.19589549923642038
        },
        "RandomForest": {
            "mse": 0.7840244643354166,
            "mae": 0.6932544684424347,
            "r2": 0.21325430513429128
        },
        "GradientBoosting": {
            "mse": 0.8123556183353289,
            "mae": 0.7094443867671333,
            "r2": 0.18413707808649135
        }
    },
    "unsupervised": {
        "RandomForest": {
            "mse": 0.8607418220639925,
            "mae": 0.7245177455884555,
            "r2": 0.13536655824527025
        },
        "GradientBoosting": {
            "mse": 0.8577507268932283,
            "mae": 0.7335849294928931,
            "r2": 0.13892088142732933
        },
        "SVR": {
            "mse": 0.8506532971112495,
            "mae": 0.7070347550349072,
            "r2": 0.1465965682294224
        },
        "KeyBERT": {
            "mse": 0.9306003156656752,
            "mae": 0.7507310434423659,
            "r2": 0.0658235657329019
        }
    }
}