{
    "supervised": {
        "ANN": {
            "mse": 0.9390030959496636,
            "mae": 0.7476026195439657,
            "r2": 0.05359246742623902
        },
        "SVR": {
            "mse": 0.7684271245038303,
            "mae": 0.6788713070496526,
            "r2": 0.2292381174560413
        },
        "RandomForest": {
            "mse": 0.733460756731718,
            "mae": 0.6639068053852113,
            "r2": 0.26402161945617875
        },
        "GradientBoosting": {
            "mse": 0.781528753245462,
            "mae": 0.6868893949963407,
            "r2": 0.21685558862825527
        }
    },
    "unsupervised": {
        "RandomForest": {
            "mse": 0.825080305048381,
            "mae": 0.6935392495627045,
            "r2": 0.1702134350648304
        },
        "GradientBoosting": {
            "mse": 0.832538047034179,
            "mae": 0.7116872105113122,
            "r2": 0.16501046285776813
        },
        "SVR": {
            "mse": 0.8092768320401948,
            "mae": 0.6817853509398808,
            "r2": 0.18627585839529692
        },
        "KeyBERT": {
            "mse": 0.8969449428682257,
            "mae": 0.7258028880157082,
            "r2": 0.09585889465888701
        }
    }
}