{
    "supervised": {
        "ANN": {
            "mse": 0.8898281058303604,
            "mae": 0.7123294828167486,
            "r2": 0.10771331204481456
        },
        "SVR": {
            "mse": 0.7134856433100356,
            "mae": 0.6357816771468613,
            "r2": 0.28431069011953014
        },
        "RandomForest": {
            "mse": 0.7132087232366813,
            "mae": 0.6615229214957672,
            "r2": 0.284784517331093
        },
        "GradientBoosting": {
            "mse": 0.7194355952179642,
            "mae": 0.6639784574229195,
            "r2": 0.27804698860665367
        }
    },
    "unsupervised": {
        "RandomForest": {
            "mse": 0.7841401780709802,
            "mae": 0.6747061539610069,
            "r2": 0.21304676935897787
        },
        "GradientBoosting": {
            "mse": 0.8030705194536546,
            "mae": 0.7124860333463456,
            "r2": 0.19436105781218055
        },
        "SVR": {
            "mse": 0.7831859011191239,
            "mae": 0.6556750473311292,
            "r2": 0.21437832651804448
        },
        "KeyBERT": {
            "mse": 0.8398086720086348,
            "mae": 0.7011445780739723,
            "r2": 0.15649587547671134
        }
    }
}