{
    "supervised": {
        "ANN": {
            "mse": 0.8758334279613553,
            "mae": 0.7223730518190452,
            "r2": 0.12184486787061859
        },
        "SVR": {
            "mse": 0.7034756866590282,
            "mae": 0.6417952426190234,
            "r2": 0.29453957576133866
        },
        "RandomForest": {
            "mse": 0.711377599609409,
            "mae": 0.6560429990293062,
            "r2": 0.2871447680710416
        },
        "GradientBoosting": {
            "mse": 0.7311353883789838,
            "mae": 0.6652029779044973,
            "r2": 0.26733443499130466
        }
    },
    "unsupervised": {
        "RandomForest": {
            "mse": 0.7877135418057085,
            "mae": 0.693886987742197,
            "r2": 0.21058806563276708
        },
        "GradientBoosting": {
            "mse": 0.7977477926640496,
            "mae": 0.7048271674519315,
            "r2": 0.20049161665631826
        },
        "SVR": {
            "mse": 0.7744626534574316,
            "mae": 0.6759415412400289,
            "r2": 0.22372617957117127
        },
        "KeyBERT": {
            "mse": 0.8427182729222625,
            "mae": 0.7162839943675462,
            "r2": 0.1555387391105278
        }
    }
}