{
    "supervised": {
        "ANN": {
            "mse": 0.7669584254173973,
            "mae": 0.6852259449540654,
            "r2": 0.23149311143920906
        },
        "SVR": {
            "mse": 0.5907251954877581,
            "mae": 0.6072038466496243,
            "r2": 0.40858253685187373
        },
        "RandomForest": {
            "mse": 0.5809373091193925,
            "mae": 0.6035314922887502,
            "r2": 0.418574760533975
        },
        "GradientBoosting": {
            "mse": 0.5973401402974053,
            "mae": 0.6147058148920362,
            "r2": 0.40212679300179593
        }
    },
    "unsupervised": {
        "RandomForest": {
            "mse": 0.7179021565855149,
            "mae": 0.6649700592597554,
            "r2": 0.28089575570804
        },
        "GradientBoosting": {
            "mse": 0.7379634491980035,
            "mae": 0.6844894144124065,
            "r2": 0.261139717293983
        },
        "SVR": {
            "mse": 0.688781166305271,
            "mae": 0.6496406467315042,
            "r2": 0.3100078299735531
        },
        "KeyBERT": {
            "mse": 0.7699912338741671,
            "mae": 0.689225435191273,
            "r2": 0.22866831332008383
        }
    }
}