{
    "supervised": {
        "ANN": {
            "mse": 0.992215817260961,
            "mae": 0.7580935875544499,
            "r2": 0.0022216183184975424
        },
        "SVR": {
            "mse": 0.8240528621971965,
            "mae": 0.7038587994642161,
            "r2": 0.1736079486048647
        },
        "RandomForest": {
            "mse": 0.7931260860993802,
            "mae": 0.6978007461943239,
            "r2": 0.20428875650724407
        },
        "GradientBoosting": {
            "mse": 0.8162865431484395,
            "mae": 0.71175859858159,
            "r2": 0.1813115669315778
        }
    },
    "unsupervised": {
        "RandomForest": {
            "mse": 0.8933143715681522,
            "mae": 0.7328304044365784,
            "r2": 0.10359501941230669
        },
        "GradientBoosting": {
            "mse": 0.8854072368290593,
            "mae": 0.7442463836471903,
            "r2": 0.11231488851698945
        },
        "SVR": {
            "mse": 0.878780560368476,
            "mae": 0.7232315086621346,
            "r2": 0.11833185635678381
        },
        "KeyBERT": {
            "mse": 0.9893628928553969,
            "mae": 0.7789145686921028,
            "r2": 0.006525026493312302
        }
    }
}