{
    "supervised": {
        "ANN": {
            "mse": 0.945062381319153,
            "mae": 0.7316619966827516,
            "r2": 0.048864356549304544
        },
        "SVR": {
            "mse": 0.7497644833178642,
            "mae": 0.6666535273493595,
            "r2": 0.2484016716450343
        },
        "RandomForest": {
            "mse": 0.7225467069636927,
            "mae": 0.6594133569320872,
            "r2": 0.2733460573664129
        },
        "GradientBoosting": {
            "mse": 0.7580001277962394,
            "mae": 0.6829498587605445,
            "r2": 0.23868074037315518
        }
    },
    "unsupervised": {
        "RandomForest": {
            "mse": 0.8017765525628509,
            "mae": 0.6877413453019143,
            "r2": 0.19285760569477625
        },
        "GradientBoosting": {
            "mse": 0.8234515566316389,
            "mae": 0.7156808654536573,
            "r2": 0.17358218093467254
        },
        "SVR": {
            "mse": 0.7927957134730567,
            "mae": 0.6690606417317013,
            "r2": 0.2031570651779116
        },
        "KeyBERT": {
            "mse": 0.8606977979314875,
            "mae": 0.7149963595198837,
            "r2": 0.13247953567021445
        }
    }
}