{
    "supervised": {
        "ANN": {
            "mse": 1.0731503433017022,
            "mae": 0.7845051921345474,
            "r2": -0.07382945865778168
        },
        "SVR": {
            "mse": 0.8228879397730706,
            "mae": 0.6954358831921023,
            "r2": 0.17594352848676645
        },
        "RandomForest": {
            "mse": 0.7671268911497068,
            "mae": 0.6842264711138154,
            "r2": 0.2328600787821137
        },
        "GradientBoosting": {
            "mse": 0.8087760688756804,
            "mae": 0.7110401677852498,
            "r2": 0.1904881895791027
        }
    },
    "unsupervised": {
        "RandomForest": {
            "mse": 0.8203629717322046,
            "mae": 0.7065182006302333,
            "r2": 0.17868592842113667
        },
        "GradientBoosting": {
            "mse": 0.8405664223912431,
            "mae": 0.732761898748787,
            "r2": 0.15895180876190534
        },
        "SVR": {
            "mse": 0.7984251552453971,
            "mae": 0.6865749528542231,
            "r2": 0.20058092258276616
        },
        "KeyBERT": {
            "mse": 0.8875119988405213,
            "mae": 0.7318472969376655,
            "r2": 0.11070034446874018
        }
    }
}