{
    "supervised": {
        "ANN": {
            "mse": 0.9833511162110303,
            "mae": 0.7796879324100303,
            "r2": 0.007924977826960954
        },
        "SVR": {
            "mse": 0.7489970308565971,
            "mae": 0.687929733001584,
            "r2": 0.2494133188510154
        },
        "RandomForest": {
            "mse": 0.7380602862477161,
            "mae": 0.6835734752144196,
            "r2": 0.26068794589646993
        },
        "GradientBoosting": {
            "mse": 0.7618173607061802,
            "mae": 0.6963728037830721,
            "r2": 0.23759794845056464
        }
    },
    "unsupervised": {
        "RandomForest": {
            "mse": 0.8237734010924751,
            "mae": 0.7186177967967855,
            "r2": 0.1729202428495941
        },
        "GradientBoosting": {
            "mse": 0.8068895618524001,
            "mae": 0.7163502405793891,
            "r2": 0.19110149568027165
        },
        "SVR": {
            "mse": 0.7818655400122533,
            "mae": 0.7016608199684351,
            "r2": 0.2155441830649248
        },
        "KeyBERT": {
            "mse": 0.8851912934089858,
            "mae": 0.7418266686365651,
            "r2": 0.11224935180030067
        }
    }
}