{
    "supervised": {
        "ANN": {
            "mse": 1.0550862387353017,
            "mae": 0.7756844844533755,
            "r2": -0.06092285574387888
        },
        "SVR": {
            "mse": 0.8626498180903728,
            "mae": 0.6941019480248648,
            "r2": 0.13455925177108402
        },
        "RandomForest": {
            "mse": 0.8098278128890655,
            "mae": 0.7000785738828058,
            "r2": 0.1855509810868035
        },
        "GradientBoosting": {
            "mse": 0.8576804676391037,
            "mae": 0.7207221095761399,
            "r2": 0.13609771139115837
        }
    },
    "unsupervised": {
        "RandomForest": {
            "mse": 0.892291121665491,
            "mae": 0.7322357130013822,
            "r2": 0.1014118374158054
        },
        "GradientBoosting": {
            "mse": 0.8877327315577681,
            "mae": 0.7387888076188094,
            "r2": 0.10706462795005371
        },
        "SVR": {
            "mse": 0.8825281500143678,
            "mae": 0.7041616843323689,
            "r2": 0.11269747101131806
        },
        "KeyBERT": {
            "mse": 0.998856263822525,
            "mae": 0.7674677027158167,
            "r2": -0.006449790220347329
        }
    }
}