{
    "supervised": {
        "ANN": {
            "mse": 0.8384270086883834,
            "mae": 0.6996251871864596,
            "r2": 0.15839177370129315
        },
        "SVR": {
            "mse": 0.6892796744900971,
            "mae": 0.6469118379713874,
            "r2": 0.3087491496178387
        },
        "RandomForest": {
            "mse": 0.6665030582617051,
            "mae": 0.6420017426552146,
            "r2": 0.3318276490659744
        },
        "GradientBoosting": {
            "mse": 0.7001352681891767,
            "mae": 0.6618287435824615,
            "r2": 0.29877970200971643
        }
    },
    "unsupervised": {
        "RandomForest": {
            "mse": 0.7549942301428624,
            "mae": 0.673032650774418,
            "r2": 0.2429272539574267
        },
        "GradientBoosting": {
            "mse": 0.7862375533951833,
            "mae": 0.6987862780633984,
            "r2": 0.2114457117094782
        },
        "SVR": {
            "mse": 0.7505670766103314,
            "mae": 0.6631686513392718,
            "r2": 0.24723055798059063
        },
        "KeyBERT": {
            "mse": 0.8112079426313411,
            "mae": 0.6995106519659264,
            "r2": 0.1858870718795093
        }
    }
}