{
    "supervised": {
        "ANN": {
            "mse": 0.9037626669980874,
            "mae": 0.7249571508555749,
            "r2": 0.09417629874273314
        },
        "SVR": {
            "mse": 0.7039055217676099,
            "mae": 0.6431206294930509,
            "r2": 0.2958637119042978
        },
        "RandomForest": {
            "mse": 0.6895928029354649,
            "mae": 0.6475718069223058,
            "r2": 0.30904868056269574
        },
        "GradientBoosting": {
            "mse": 0.7078445593007731,
            "mae": 0.6588190086294647,
            "r2": 0.29152277648903785
        }
    },
    "unsupervised": {
        "RandomForest": {
            "mse": 0.7652099374631958,
            "mae": 0.6761255989523124,
            "r2": 0.23025320713436584
        },
        "GradientBoosting": {
            "mse": 0.8054433268241008,
            "mae": 0.7076777485730963,
            "r2": 0.19210034118986136
        },
        "SVR": {
            "mse": 0.7602112294020766,
            "mae": 0.6603518601494482,
            "r2": 0.23680472574845773
        },
        "KeyBERT": {
            "mse": 0.8295741906622798,
            "mae": 0.7075326337780277,
            "r2": 0.16673667172423273
        }
    }
}