{
    "supervised": {
        "ANN": {
            "mse": 1.300797140349331,
            "mae": 0.8863749645197615,
            "r2": -0.2841155604590883
        },
        "SVR": {
            "mse": 0.9017714354477148,
            "mae": 0.7409036169900924,
            "r2": 0.1104206981439406
        },
        "RandomForest": {
            "mse": 0.9084092332298764,
            "mae": 0.7471448632657628,
            "r2": 0.10446630939525188
        },
        "GradientBoosting": {
            "mse": 0.9114814198384469,
            "mae": 0.750597868051804,
            "r2": 0.10104763066444677
        }
    },
    "unsupervised": {
        "RandomForest": {
            "mse": 0.981728866657724,
            "mae": 0.7775613542619993,
            "r2": 0.03215420887560634
        },
        "GradientBoosting": {
            "mse": 0.9264376966296055,
            "mae": 0.7610548294451394,
            "r2": 0.08642758274819115
        },
        "SVR": {
            "mse": 0.9434590261686946,
            "mae": 0.7615843838626223,
            "r2": 0.06956100351683023
        },
        "KeyBERT": {
            "mse": 1.11077896534645,
            "mae": 0.8246576621754386,
            "r2": -0.09457582165665021
        }
    }
}