{
    "supervised": {
        "ANN": {
            "mse": 0.977285674172555,
            "mae": 0.7607363605472182,
            "r2": 0.01791147412325065
        },
        "SVR": {
            "mse": 0.786681324803477,
            "mae": 0.6870127968425446,
            "r2": 0.21110910903754712
        },
        "RandomForest": {
            "mse": 0.7368854949912369,
            "mae": 0.6750605322457142,
            "r2": 0.25988204313210445
        },
        "GradientBoosting": {
            "mse": 0.7823388957538528,
            "mae": 0.6969273051468432,
            "r2": 0.2141547858123988
        }
    },
    "unsupervised": {
        "RandomForest": {
            "mse": 0.8369308401366128,
            "mae": 0.7061954513696989,
            "r2": 0.16013105703745756
        },
        "GradientBoosting": {
            "mse": 0.8353457650088657,
            "mae": 0.7190202066685758,
            "r2": 0.16220276099508832
        },
        "SVR": {
            "mse": 0.8054042834839112,
            "mae": 0.683127460285831,
            "r2": 0.19251670490413267
        },
        "KeyBERT": {
            "mse": 0.8986472581009354,
            "mae": 0.7322043847433328,
            "r2": 0.09994644185438546
        }
    }
}