{
    "supervised": {
        "ANN": {
            "mse": 1.0450621405386449,
            "mae": 0.7850963628209706,
            "r2": -0.04865983955280599
        },
        "SVR": {
            "mse": 0.8030151296409394,
            "mae": 0.6897327552745247,
            "r2": 0.19540895510785947
        },
        "RandomForest": {
            "mse": 0.7758382495343127,
            "mae": 0.680078374322542,
            "r2": 0.223294328223629
        },
        "GradientBoosting": {
            "mse": 0.8099550813800974,
            "mae": 0.7032397320662166,
            "r2": 0.18922112636452632
        }
    },
    "unsupervised": {
        "RandomForest": {
            "mse": 0.861228780073135,
            "mae": 0.7132860983284364,
            "r2": 0.13775053314476518
        },
        "GradientBoosting": {
            "mse": 0.8538725229266539,
            "mae": 0.7228617348094024,
            "r2": 0.14506179872170186
        },
        "SVR": {
            "mse": 0.8396895771533834,
            "mae": 0.7016094570233793,
            "r2": 0.1601377118015947
        },
        "KeyBERT": {
            "mse": 0.95426467719104,
            "mae": 0.7501651402102386,
            "r2": 0.04489492992755324
        }
    }
}