{
    "supervised": {
        "ANN": {
            "mse": 0.8932509542235625,
            "mae": 0.7153055449203938,
            "r2": 0.09937561772246459
        },
        "SVR": {
            "mse": 0.7364393864599542,
            "mae": 0.6512737120163742,
            "r2": 0.2609972036761576
        },
        "RandomForest": {
            "mse": 0.7193366558764058,
            "mae": 0.6630056755781011,
            "r2": 0.27647263166987246
        },
        "GradientBoosting": {
            "mse": 0.7344955353594825,
            "mae": 0.67383357706738,
            "r2": 0.26178609033122846
        }
    },
    "unsupervised": {
        "RandomForest": {
            "mse": 0.806130783457544,
            "mae": 0.6839052558399005,
            "r2": 0.18831511055659517
        },
        "GradientBoosting": {
            "mse": 0.8093743791628615,
            "mae": 0.7059754297542641,
            "r2": 0.18706024913389785
        },
        "SVR": {
            "mse": 0.7979016274714666,
            "mae": 0.6649348897612712,
            "r2": 0.1982871437980953
        },
        "KeyBERT": {
            "mse": 0.8742939157420135,
            "mae": 0.7096616454743436,
            "r2": 0.11990042610987406
        }
    }
}