{
    "supervised": {
        "ANN": {
            "mse": 0.7898915777752383,
            "mae": 0.6897536712871319,
            "r2": 0.20787291397586252
        },
        "SVR": {
            "mse": 0.6356113077647539,
            "mae": 0.6277943472814929,
            "r2": 0.36372850871396095
        },
        "RandomForest": {
            "mse": 0.6317347815939104,
            "mae": 0.6303285368118164,
            "r2": 0.36686862283587446
        },
        "GradientBoosting": {
            "mse": 0.6567580366882958,
            "mae": 0.6424739169389453,
            "r2": 0.34255209203736203
        }
    },
    "unsupervised": {
        "RandomForest": {
            "mse": 0.7231873180543955,
            "mae": 0.6663796374656544,
            "r2": 0.27476928010465046
        },
        "GradientBoosting": {
            "mse": 0.7660948004549514,
            "mae": 0.6976164971623605,
            "r2": 0.2321918253414011
        },
        "SVR": {
            "mse": 0.7138596816115561,
            "mae": 0.6614155341160959,
            "r2": 0.28417063857654606
        },
        "KeyBERT": {
            "mse": 0.7736667969970017,
            "mae": 0.6925959517523206,
            "r2": 0.22378548238639176
        }
    }
}