{
    "supervised": {
        "ANN": {
            "mse": 0.9974284228585294,
            "mae": 0.7624938747404603,
            "r2": -0.0002633688317122518
        },
        "SVR": {
            "mse": 0.8077718144687406,
            "mae": 0.6925868851519542,
            "r2": 0.1910732390242071
        },
        "RandomForest": {
            "mse": 0.7635305747091998,
            "mae": 0.679697729544954,
            "r2": 0.23520804613986573
        },
        "GradientBoosting": {
            "mse": 0.8045214810811057,
            "mae": 0.7005018771553806,
            "r2": 0.19441468411810403
        }
    },
    "unsupervised": {
        "RandomForest": {
            "mse": 0.8654241368435105,
            "mae": 0.7200702525086038,
            "r2": 0.13333882162139238
        },
        "GradientBoosting": {
            "mse": 0.8498997801828716,
            "mae": 0.7217509022443256,
            "r2": 0.14929847189918663
        },
        "SVR": {
            "mse": 0.8365596347661619,
            "mae": 0.7002577994143084,
            "r2": 0.16267054699232475
        },
        "KeyBERT": {
            "mse": 0.930257563026504,
            "mae": 0.7485242124609568,
            "r2": 0.06814009894507742
        }
    }
}