{
    "supervised": {
        "ANN": {
            "mse": 0.7950297810457437,
            "mae": 0.6931616927755287,
            "r2": 0.20277536341773422
        },
        "SVR": {
            "mse": 0.6232179704337899,
            "mae": 0.6225702947641942,
            "r2": 0.37683587684101305
        },
        "RandomForest": {
            "mse": 0.6116335029357816,
            "mae": 0.611124047013176,
            "r2": 0.38898888712547164
        },
        "GradientBoosting": {
            "mse": 0.6389102542472264,
            "mae": 0.6296456465642837,
            "r2": 0.3611260065895003
        }
    },
    "unsupervised": {
        "RandomForest": {
            "mse": 0.74501584498351,
            "mae": 0.6695053063252168,
            "r2": 0.253070599893761
        },
        "GradientBoosting": {
            "mse": 0.7531026458495639,
            "mae": 0.6845134992009567,
            "r2": 0.24589153057392776
        },
        "SVR": {
            "mse": 0.7268160831529936,
            "mae": 0.661659228683174,
            "r2": 0.27137650683665215
        },
        "KeyBERT": {
            "mse": 0.8115738349609952,
            "mae": 0.7010149735503809,
            "r2": 0.1864793910671713
        }
    }
}