{
    "supervised": {
        "SVR": {
            "mse": 0.8208210572995156,
            "mae": 0.7072841247288424,
            "r2": 0.1779016081130537
        },
        "RandomForest": {
            "mse": 0.7913064866782243,
            "mae": 0.691792934804859,
            "r2": 0.20759042849496198
        },
        "GradientBoosting": {
            "mse": 0.8266958161300234,
            "mae": 0.7118329973548798,
            "r2": 0.17215451296559758
        },
        "ANN": {
            "mse": 1.02596089465445,
            "mae": 0.7819183634082967,
            "r2": -0.02767434649781837
        }
    },
    "unsupervised": {
        "SVR": {
            "mse": 0.8586380537243417,
            "mae": 0.7171390770421094,
            "r2": 0.14021387680672
        },
        "KeyBERT": {
            "mse": 0.9720608486700411,
            "mae": 0.7678209809927414,
            "r2": 0.026292820052797806
        },
        "RandomForest": {
            "mse": 0.8908042508796878,
            "mae": 0.7326896516788113,
            "r2": 0.10818634249206574
        },
        "GradientBoosting": {
            "mse": 0.8644968076591593,
            "mae": 0.728779614725074,
            "r2": 0.13437570169195714
        }
    }
}