{
    "unsupervised": {
        "RandomForest": {
            "mse": 0.7958328658228183,
            "mae": 0.6797854318864497,
            "r2": 0.2022143170393064
        },
        "GradientBoosting": {
            "mse": 0.8023257698477002,
            "mae": 0.6978095125380553,
            "r2": 0.19651683158070396
        },
        "SVR": {
            "mse": 0.7510775327812513,
            "mae": 0.6596645682612967,
            "r2": 0.24747002434742651
        },
        "KeyBERT": {
            "mse": 1.0293665633747153,
            "mae": 0.7776592251622093,
            "r2": -0.034602716354179844
        }
    }
}