{
    "supervised": {
        "ANN": {
            "mse": 0.8374068767160656,
            "mae": 0.6997436932725533,
            "r2": 0.16050246173590946
        },
        "SVR": {
            "mse": 0.6985886616378949,
            "mae": 0.6542423070300762,
            "r2": 0.2992703303537221
        },
        "RandomForest": {
            "mse": 0.6888303643859631,
            "mae": 0.6463315141196215,
            "r2": 0.3095512566581854
        },
        "GradientBoosting": {
            "mse": 0.7118958094636452,
            "mae": 0.6674580131732618,
            "r2": 0.28639105788817654
        }
    },
    "unsupervised": {
        "RandomForest": {
            "mse": 0.7590273867491565,
            "mae": 0.6740473810045506,
            "r2": 0.23840911941037524
        },
        "GradientBoosting": {
            "mse": 0.792589996441291,
            "mae": 0.7023740442163755,
            "r2": 0.20549010365587553
        },
        "SVR": {
            "mse": 0.7529634243503233,
            "mae": 0.6705358843350071,
            "r2": 0.24460694669936328
        },
        "KeyBERT": {
            "mse": 0.8242687146534848,
            "mae": 0.7041594518529606,
            "r2": 0.17274247167659268
        }
    }
}