{
    "supervised": {
        "ANN": {
            "mse": 0.962534017577636,
            "mae": 0.7528403452251976,
            "r2": 0.03325435622146542
        },
        "SVR": {
            "mse": 0.7880733049258838,
            "mae": 0.6991782660390925,
            "r2": 0.20994658178638934
        },
        "RandomForest": {
            "mse": 0.7462859861279799,
            "mae": 0.6823483281204291,
            "r2": 0.2517898309864336
        },
        "GradientBoosting": {
            "mse": 0.7971300584865324,
            "mae": 0.7091239826955664,
            "r2": 0.20085338110330203
        }
    },
    "unsupervised": {
        "RandomForest": {
            "mse": 0.8561016377670431,
            "mae": 0.7268789813084781,
            "r2": 0.142126525264598
        },
        "GradientBoosting": {
            "mse": 0.8626921984941232,
            "mae": 0.7431614975085843,
            "r2": 0.1353074119223387
        },
        "SVR": {
            "mse": 0.8520732668157471,
            "mae": 0.7256927159956559,
            "r2": 0.1465603354641614
        },
        "KeyBERT": {
            "mse": 0.9384621701877611,
            "mae": 0.7631851837577943,
            "r2": 0.0579753637466421
        }
    }
}