{
    "supervised": {
        "ANN": {
            "mse": 0.806231282032383,
            "mae": 0.6980974934187454,
            "r2": 0.19354691523244666
        },
        "SVR": {
            "mse": 0.6543603597213609,
            "mae": 0.640134002589566,
            "r2": 0.345265609116501
        },
        "RandomForest": {
            "mse": 0.6535941695557177,
            "mae": 0.6387110837108361,
            "r2": 0.34571388212418575
        },
        "GradientBoosting": {
            "mse": 0.6839217222918709,
            "mae": 0.6594330363339516,
            "r2": 0.31622398148388725
        }
    },
    "unsupervised": {
        "RandomForest": {
            "mse": 0.7763505620298499,
            "mae": 0.6962947189122058,
            "r2": 0.2229966223349212
        },
        "GradientBoosting": {
            "mse": 0.7737121772777124,
            "mae": 0.7065257604278395,
            "r2": 0.22591769477516763
        },
        "SVR": {
            "mse": 0.7434124941071752,
            "mae": 0.67944936640455,
            "r2": 0.25616268531358566
        },
        "KeyBERT": {
            "mse": 0.8393451870989092,
            "mae": 0.7252744857029266,
            "r2": 0.16029500516811146
        }
    }
}