{
    "supervised": {
        "ANN": {
            "mse": 1.0276850929834112,
            "mae": 0.7648866957093751,
            "r2": -0.02959121644075404
        },
        "SVR": {
            "mse": 0.8126005680228937,
            "mae": 0.6973597660925466,
            "r2": 0.18644115281567258
        },
        "RandomForest": {
            "mse": 0.8053047833263172,
            "mae": 0.7177633436480826,
            "r2": 0.19484283584857034
        },
        "GradientBoosting": {
            "mse": 0.8277897008528603,
            "mae": 0.7389118992851109,
            "r2": 0.171505274711021
        }
    },
    "unsupervised": {
        "RandomForest": {
            "mse": 0.8794240670113698,
            "mae": 0.7363726079976275,
            "r2": 0.11912929153683886
        },
        "GradientBoosting": {
            "mse": 0.8723331019796461,
            "mae": 0.7817164414147595,
            "r2": 0.12618373195533433
        },
        "SVR": {
            "mse": 0.8519029602802675,
            "mae": 0.7092286061377179,
            "r2": 0.14762126634467124
        },
        "KeyBERT": {
            "mse": 0.9593098319276366,
            "mae": 0.767106298450761,
            "r2": 0.038648569659507914
        }
    }
}