{
    "supervised": {
        "ANN": {
            "mse": 0.8685259266210833,
            "mae": 0.7149955815843294,
            "r2": 0.12911680554607816
        },
        "SVR": {
            "mse": 0.7245242905228968,
            "mae": 0.6473390289025478,
            "r2": 0.27424879842761785
        },
        "RandomForest": {
            "mse": 0.7277497199078133,
            "mae": 0.6711766302746371,
            "r2": 0.27021571769345815
        },
        "GradientBoosting": {
            "mse": 0.7516074815892533,
            "mae": 0.6838392207067351,
            "r2": 0.24621654959163145
        }
    },
    "unsupervised": {
        "RandomForest": {
            "mse": 0.8075450270047121,
            "mae": 0.6929380390353557,
            "r2": 0.18959778156549767
        },
        "GradientBoosting": {
            "mse": 0.8206668758709078,
            "mae": 0.7149756926494382,
            "r2": 0.17739934374389274
        },
        "SVR": {
            "mse": 0.8081899237699626,
            "mae": 0.6698735111806358,
            "r2": 0.19034658775909577
        },
        "KeyBERT": {
            "mse": 0.8810695705167492,
            "mae": 0.7234001803501604,
            "r2": 0.11552936588020321
        }
    }
}