{
    "supervised": {
        "ANN": {
            "mse": 0.9838666921573893,
            "mae": 0.7763124735886063,
            "r2": 0.013346684892450344
        },
        "SVR": {
            "mse": 0.829022795975032,
            "mae": 0.7338224572194403,
            "r2": 0.1682967497777616
        },
        "RandomForest": {
            "mse": 0.7845163225344964,
            "mae": 0.7185483127152388,
            "r2": 0.21311606354456725
        },
        "GradientBoosting": {
            "mse": 0.8362762696418313,
            "mae": 0.7479767617690616,
            "r2": 0.16123573864431878
        }
    },
    "unsupervised": {
        "RandomForest": {
            "mse": 0.8925738539468178,
            "mae": 0.7567800294322502,
            "r2": 0.10479586250634991
        },
        "GradientBoosting": {
            "mse": 0.8910501739060793,
            "mae": 0.781925917884992,
            "r2": 0.10633230363384807
        },
        "SVR": {
            "mse": 0.8706918645075629,
            "mae": 0.7531967452556689,
            "r2": 0.12670589898338652
        },
        "KeyBERT": {
            "mse": 0.9745817893764543,
            "mae": 0.7905763543453188,
            "r2": 0.022481516450208173
        }
    }
}