{
    "supervised": {
        "ANN": {
            "mse": 1.19594393786118,
            "mae": 0.8484342442001761,
            "r2": -0.19836166725871007
        },
        "RandomForest": {
            "mse": 0.8555328093781467,
            "mae": 0.7191257962536703,
            "r2": 0.14501295462911487
        },
        "GradientBoosting": {
            "mse": 0.8927347353942612,
            "mae": 0.7390270270904614,
            "r2": 0.10650745626839031
        },
        "SVR": {
            "mse": 0.8787468447406163,
            "mae": 0.726204579037185,
            "r2": 0.12093156353785421
        }
    },
    "unsupervised": {
        "RandomForest": {
            "mse": 0.9451517377583676,
            "mae": 0.7562103331893774,
            "r2": 0.053053281802817855
        },
        "GradientBoosting": {
            "mse": 0.9203819452863888,
            "mae": 0.7474895333314193,
            "r2": 0.07824925776320538
        },
        "SVR": {
            "mse": 0.9006460208227599,
            "mae": 0.733110738165867,
            "r2": 0.10035043639636916
        },
        "KeyBERT": {
            "mse": 1.0100898793134259,
            "mae": 0.7811345432948629,
            "r2": -0.011100513105507415
        }
    }
}