{
    "supervised": {
        "ANN": {
            "mse": 1.205607266199184,
            "mae": 0.8394881346489695,
            "r2": -0.2121497081494333
        },
        "SVR": {
            "mse": 0.8560994921574657,
            "mae": 0.707603019881774,
            "r2": 0.14090955328514232
        },
        "RandomForest": {
            "mse": 0.8400318121353427,
            "mae": 0.7093720155152854,
            "r2": 0.15742131645281462
        },
        "GradientBoosting": {
            "mse": 0.8735742630041624,
            "mae": 0.7243537399296003,
            "r2": 0.12224107601258236
        }
    },
    "unsupervised": {
        "RandomForest": {
            "mse": 0.9153879902061982,
            "mae": 0.7418217799467621,
            "r2": 0.08289713113789762
        },
        "GradientBoosting": {
            "mse": 0.8888714877670392,
            "mae": 0.734922324863566,
            "r2": 0.10863904966252277
        },
        "SVR": {
            "mse": 0.8883164772884772,
            "mae": 0.7191372692963561,
            "r2": 0.10979782053178062
        },
        "KeyBERT": {
            "mse": 0.9768474793095938,
            "mae": 0.7626980261598645,
            "r2": 0.02142508187836285
        }
    }
}