{
    "supervised": {
        "ANN": {
            "mse": 0.8501397875717727,
            "mae": 0.7135148623827088,
            "r2": 0.17393284277932952
        },
        "RandomForest": {
            "mse": 0.7022008718418165,
            "mae": 0.6562567447083084,
            "r2": 0.31768270762027595
        },
        "GradientBoosting": {
            "mse": 0.7056890704042548,
            "mae": 0.6528764247575681,
            "r2": 0.3142932811842719
        },
        "SVR": {
            "mse": 0.7123389591322212,
            "mae": 0.6391955882864805,
            "r2": 0.3078316912697059
        }
    }
}