{
    "supervised": {
        "ANN": {
            "mse": 0.9806937560052305,
            "mae": 0.7620829761890918,
            "r2": 0.12697849741014755
        },
        "RandomForest": {
            "mse": 0.7707123649516643,
            "mae": 0.6687886510867606,
            "r2": 0.31390562773085284
        },
        "GradientBoosting": {
            "mse": 0.8069012265752692,
            "mae": 0.6908368020890598,
            "r2": 0.281690010818648
        },
        "SVR": {
            "mse": 0.7965958122193796,
            "mae": 0.6676931721544141,
            "r2": 0.2908639739143627
        }
    }
}