{
    "supervised": {
        "ANN": {
            "mse": 1.1205223750297708,
            "mae": 0.8124000967173045,
            "r2": -0.04252374820634475
        },
        "RandomForest": {
            "mse": 0.8969438029770943,
            "mae": 0.718027163512568,
            "r2": 0.1654917061470642
        },
        "GradientBoosting": {
            "mse": 0.9082055021498996,
            "mae": 0.7381134840882577,
            "r2": 0.15501392444949358
        },
        "SVR": {
            "mse": 0.8834889703542608,
            "mae": 0.6968753324991591,
            "r2": 0.17800995910660256
        }
    }
}