{
    "supervised": {
        "ANN": {
            "mse": 1.0068938601064112,
            "mae": 0.8039660354942458,
            "r2": -0.16365377133335635
        },
        "RandomForest": {
            "mse": 0.7199697781038299,
            "mae": 0.6740845018269245,
            "r2": 0.16794055388517248
        },
        "GradientBoosting": {
            "mse": 0.7250170541621435,
            "mae": 0.6853532068945907,
            "r2": 0.16210748442977174
        },
        "SVR": {
            "mse": 0.7538752470181108,
            "mae": 0.6837803939948652,
            "r2": 0.12875645679795877
        }
    }
}