{
    "supervised": {
        "ANN": {
            "mse": 1.1076761537817859,
            "mae": 0.7757033783955642,
            "r2": -0.08219806771353366
        },
        "RandomForest": {
            "mse": 0.8369882988556562,
            "mae": 0.6959137862359536,
            "r2": 0.18226359154891547
        },
        "GradientBoosting": {
            "mse": 0.8865304382530032,
            "mae": 0.7226764575671261,
            "r2": 0.1338609899914519
        },
        "SVR": {
            "mse": 0.8269884197218882,
            "mae": 0.6636068431120059,
            "r2": 0.19203345960916485
        }
    }
}