{
    "supervised": {
        "ANN": {
            "mse": 0.9599639617702752,
            "mae": 0.7513199514559356,
            "r2": 0.047722856630500576
        },
        "RandomForest": {
            "mse": 0.7738499128364089,
            "mae": 0.7093418352863404,
            "r2": 0.2323466153524827
        },
        "GradientBoosting": {
            "mse": 0.8407464919087119,
            "mae": 0.7502508540128799,
            "r2": 0.1659857041546422
        },
        "SVR": {
            "mse": 0.8281977446473193,
            "mae": 0.7316903390191416,
            "r2": 0.1784339685383466
        }
    }
}