{
    "supervised": {
        "ANN": {
            "mse": 1.3035452949218673,
            "mae": 0.8964464052952221,
            "r2": -0.18866005653008888
        },
        "RandomForest": {
            "mse": 0.9818396265851841,
            "mae": 0.7489351274601798,
            "r2": 0.10469275552854573
        },
        "GradientBoosting": {
            "mse": 1.014343133451686,
            "mae": 0.7587964236824407,
            "r2": 0.07505387726334678
        },
        "SVR": {
            "mse": 0.9785759631562233,
            "mae": 0.7457122803776955,
            "r2": 0.10766878280667447
        }
    }
}