{
    "supervised": {
        "ANN": {
            "mse": 1.0232157237463702,
            "mae": 0.8326932692450995,
            "r2": 0.016093106197196172
        },
        "RandomForest": {
            "mse": 0.8189736739794428,
            "mae": 0.7170132948974696,
            "r2": 0.21248879882232918
        },
        "GradientBoosting": {
            "mse": 0.8251408402898559,
            "mae": 0.715552595779578,
            "r2": 0.20655855624764818
        },
        "SVR": {
            "mse": 0.8480586041414486,
            "mae": 0.72249718029398,
            "r2": 0.1845212230433002
        }
    }
}