{
    "supervised": {
        "ANN": {
            "mse": 0.9516393791855169,
            "mae": 0.7686070401945031,
            "r2": 0.08033172670162614
        },
        "RandomForest": {
            "mse": 0.8304381063022742,
            "mae": 0.7087837191029502,
            "r2": 0.19746114336100895
        },
        "GradientBoosting": {
            "mse": 0.8710492486569376,
            "mae": 0.7355109265518901,
            "r2": 0.15821436566045433
        },
        "SVR": {
            "mse": 0.8844651903553595,
            "mae": 0.7221546926570814,
            "r2": 0.1452491435329093
        }
    }
}