{
    "supervised": {
        "ANN": {
            "mse": 0.9187470910020297,
            "mae": 0.7349663406213713,
            "r2": 0.078608677071631
        },
        "RandomForest": {
            "mse": 0.7045752734552618,
            "mae": 0.6626741792503427,
            "r2": 0.293396899245119
        },
        "GradientBoosting": {
            "mse": 0.7400599176539696,
            "mae": 0.6860740992799735,
            "r2": 0.2578101272356089
        },
        "SVR": {
            "mse": 0.7090980658758037,
            "mae": 0.6678388387637025,
            "r2": 0.288861089845006
        }
    }
}