{
    "supervised": {
        "ANN": {
            "mse": 0.9379835886045286,
            "mae": 0.7436835274387879,
            "r2": 0.13460053900340818
        },
        "RandomForest": {
            "mse": 0.7976839767109545,
            "mae": 0.7108432755025981,
            "r2": 0.26404332455508694
        },
        "GradientBoosting": {
            "mse": 0.8414101958475051,
            "mae": 0.7337822894937858,
            "r2": 0.2237007781268635
        },
        "SVR": {
            "mse": 0.8771414146509139,
            "mae": 0.7483190266104134,
            "r2": 0.19073455369726056
        }
    }
}