{
    "supervised": {
        "ANN": {
            "mse": 0.8025125512464611,
            "mae": 0.6792864165065048,
            "r2": 0.2675600641858302
        },
        "RandomForest": {
            "mse": 0.7658649334495634,
            "mae": 0.693004620426113,
            "r2": 0.30100773897323474
        },
        "GradientBoosting": {
            "mse": 0.8100078108779115,
            "mae": 0.7090044350100368,
            "r2": 0.26071926465584994
        },
        "SVR": {
            "mse": 0.7254445679404425,
            "mae": 0.6359905158465593,
            "r2": 0.3378987382144336
        }
    }
}