{
    "supervised": {
        "ANN": {
            "mse": 0.9911112459124838,
            "mae": 0.7582926088772453,
            "r2": -0.006470379510928881
        },
        "RandomForest": {
            "mse": 0.7644016461720767,
            "mae": 0.666658603110674,
            "r2": 0.22375251204694435
        },
        "GradientBoosting": {
            "mse": 0.7883642124516268,
            "mae": 0.6851499991308716,
            "r2": 0.19941860071569883
        },
        "SVR": {
            "mse": 0.7389597608424238,
            "mae": 0.6408333804292171,
            "r2": 0.24958866726041318
        }
    }
}