{
    "supervised": {
        "ANN": {
            "mse": 1.0341414647942924,
            "mae": 0.7469726271866501,
            "r2": -0.05662441449327882
        },
        "RandomForest": {
            "mse": 0.7357061903979751,
            "mae": 0.6576123522659193,
            "r2": 0.24829904888982302
        },
        "GradientBoosting": {
            "mse": 0.7988701889187668,
            "mae": 0.6983469815554911,
            "r2": 0.18376182141547392
        },
        "SVR": {
            "mse": 0.8010665662351958,
            "mae": 0.6818949859170581,
            "r2": 0.18151769333920564
        }
    }
}