{
    "supervised": {
        "ANN": {
            "mse": 0.8458417605184044,
            "mae": 0.6941887915549132,
            "r2": 0.17495783995969272
        },
        "RandomForest": {
            "mse": 0.6643186480359202,
            "mae": 0.6692959079606983,
            "r2": 0.35201722365339927
        },
        "GradientBoosting": {
            "mse": 0.6826219380545001,
            "mae": 0.6864105113272163,
            "r2": 0.3341640191444162
        },
        "SVR": {
            "mse": 0.6742381867833183,
            "mae": 0.6613148656007194,
            "r2": 0.3423416104870064
        }
    }
}