{
    "supervised": {
        "ANN": {
            "mse": 1.2025684973153117,
            "mae": 0.8496913446614439,
            "r2": -0.18189145239782722
        },
        "RandomForest": {
            "mse": 0.8890224144081883,
            "mae": 0.7405996147976847,
            "r2": 0.12626349773436873
        },
        "GradientBoosting": {
            "mse": 0.9517058905828428,
            "mae": 0.7723230105388692,
            "r2": 0.06465780553238687
        },
        "SVR": {
            "mse": 0.9451794595329059,
            "mae": 0.7484412010267953,
            "r2": 0.07107202068088303
        }
    }
}