{
    "supervised": {
        "ANN": {
            "mse": 0.9645500475472543,
            "mae": 0.764432758507447,
            "r2": 0.003084095856886182
        },
        "RandomForest": {
            "mse": 0.7547353683013089,
            "mae": 0.6752742864602683,
            "r2": 0.2199391892705036
        },
        "GradientBoosting": {
            "mse": 0.7687840726522454,
            "mae": 0.6847406974713955,
            "r2": 0.20541907511399382
        },
        "SVR": {
            "mse": 0.7981195110446921,
            "mae": 0.6951501825612894,
            "r2": 0.1750992745367118
        }
    }
}