{
    "supervised": {
        "ANN": {
            "mse": 0.8123634017732799,
            "mae": 0.6973958473085127,
            "r2": 0.17541477085176638
        },
        "RandomForest": {
            "mse": 0.6925527812843801,
            "mae": 0.6429061144597555,
            "r2": 0.29702791557810104
        },
        "GradientBoosting": {
            "mse": 0.7365583584563793,
            "mae": 0.6637733511550468,
            "r2": 0.2523602842483723
        },
        "SVR": {
            "mse": 0.7039790513931525,
            "mae": 0.633974853008484,
            "r2": 0.2854297397673926
        }
    }
}