{
    "supervised": {
        "ANN": {
            "mse": 0.8881313093589831,
            "mae": 0.7078524982182122,
            "r2": 0.0554751790366419
        },
        "RandomForest": {
            "mse": 0.7048617695124355,
            "mae": 0.6426504002630402,
            "r2": 0.2503817513953349
        },
        "GradientBoosting": {
            "mse": 0.7189564659938222,
            "mae": 0.6432141439924031,
            "r2": 0.2353920865447361
        },
        "SVR": {
            "mse": 0.7684610887802182,
            "mae": 0.6606144224726154,
            "r2": 0.18274407776332335
        }
    }
}