{
    "supervised": {
        "ANN": {
            "mse": 0.8148318184908193,
            "mae": 0.6927635462037426,
            "r2": 0.1691697458295498
        },
        "RandomForest": {
            "mse": 0.6500251656128047,
            "mae": 0.6254346353132505,
            "r2": 0.337212218143933
        },
        "GradientBoosting": {
            "mse": 0.6901821451410043,
            "mae": 0.646362938125673,
            "r2": 0.2962667951118211
        },
        "SVR": {
            "mse": 0.6911443984312501,
            "mae": 0.63841469856776,
            "r2": 0.2952856489076976
        }
    }
}