{
    "supervised": {
        "ANN": {
            "mse": 0.8530086855950547,
            "mae": 0.7305294467970308,
            "r2": 0.15701314798593025
        },
        "RandomForest": {
            "mse": 0.6163325779575795,
            "mae": 0.6252863731898625,
            "r2": 0.3909085939450505
        },
        "GradientBoosting": {
            "mse": 0.6554413383080442,
            "mae": 0.6420730367458974,
            "r2": 0.35225931483365147
        },
        "SVR": {
            "mse": 0.6433917086097509,
            "mae": 0.639761257757056,
            "r2": 0.3641673757699988
        }
    }
}