{
    "supervised": {
        "ANN": {
            "mse": 1.2372692561201426,
            "mae": 0.8568100995905129,
            "r2": -0.3224743760243469
        },
        "RandomForest": {
            "mse": 0.8654306411529081,
            "mae": 0.7163273224916942,
            "r2": 0.07497107724148666
        },
        "GradientBoosting": {
            "mse": 0.8474669546047037,
            "mae": 0.7159792931429425,
            "r2": 0.09417184137703938
        },
        "SVR": {
            "mse": 0.8772549103060212,
            "mae": 0.707877460348504,
            "r2": 0.0623325243211279
        }
    }
}