{
    "supervised": {
        "ANN": {
            "mse": 0.9394246516187156,
            "mae": 0.7240411977467773,
            "r2": 0.10599875796807556
        },
        "RandomForest": {
            "mse": 0.7493371629754666,
            "mae": 0.6573189768271182,
            "r2": 0.286895065776237
        },
        "GradientBoosting": {
            "mse": 0.7601501214500616,
            "mae": 0.6608032410957411,
            "r2": 0.2766049394849258
        },
        "SVR": {
            "mse": 0.7675626556573265,
            "mae": 0.6525774865086404,
            "r2": 0.2695508188841087
        }
    }
}