{
    "supervised": {
        "ANN": {
            "mse": 0.9052805267195064,
            "mae": 0.7250915001104354,
            "r2": 0.10488914361686374
        },
        "RandomForest": {
            "mse": 0.6683759145426004,
            "mae": 0.6363854950002181,
            "r2": 0.3391324350916277
        },
        "GradientBoosting": {
            "mse": 0.6989990341027562,
            "mae": 0.6466467514788237,
            "r2": 0.30885332716256986
        },
        "SVR": {
            "mse": 0.6703016526658847,
            "mae": 0.6317092463931017,
            "r2": 0.33722833017627174
        }
    }
}