{
    "supervised": {
        "ANN": {
            "mse": 0.6465678038527339,
            "mae": 0.6279428160842252,
            "r2": 0.32268279832344426
        },
        "RandomForest": {
            "mse": 0.5693876411478215,
            "mae": 0.6012226236879631,
            "r2": 0.4035334863978216
        },
        "GradientBoosting": {
            "mse": 0.5924877069579599,
            "mae": 0.6111261685121606,
            "r2": 0.3793348302942602
        },
        "SVR": {
            "mse": 0.5905670970846076,
            "mae": 0.6121099965540215,
            "r2": 0.381346780312773
        }
    }
}