{
    "supervised": {
        "ANN": {
            "mse": 0.9126920457945193,
            "mae": 0.7428316113477718,
            "r2": 0.05798249716712267
        },
        "RandomForest": {
            "mse": 0.7473308811203254,
            "mae": 0.7012362706798969,
            "r2": 0.2286568359319755
        },
        "GradientBoosting": {
            "mse": 0.7409578379819876,
            "mae": 0.7017283832245188,
            "r2": 0.2352346495661427
        },
        "SVR": {
            "mse": 0.7676983025550745,
            "mae": 0.6886288725348968,
            "r2": 0.20763499448226186
        }
    }
}