{
    "supervised": {
        "ANN": {
            "mse": 0.8777347898651117,
            "mae": 0.7184388463453439,
            "r2": 0.11535315603817464
        },
        "RandomForest": {
            "mse": 0.6834510306641851,
            "mae": 0.6504575748760386,
            "r2": 0.311166876076037
        },
        "GradientBoosting": {
            "mse": 0.6828237591548899,
            "mae": 0.6415053316642965,
            "r2": 0.31179908727173355
        },
        "SVR": {
            "mse": 0.6724280901209465,
            "mae": 0.6137177306420061,
            "r2": 0.322276620927615
        }
    }
}