{
    "supervised": {
        "ANN": {
            "mse": 0.8512619171360782,
            "mae": 0.6944038036334889,
            "r2": 0.22719811685878633
        },
        "RandomForest": {
            "mse": 0.8261887591406865,
            "mae": 0.7139257167641753,
            "r2": 0.2499603047648601
        },
        "GradientBoosting": {
            "mse": 0.8213770542405495,
            "mae": 0.712772210625652,
            "r2": 0.25432851921577293
        },
        "SVR": {
            "mse": 0.8700835122514086,
            "mae": 0.7202059083557834,
            "r2": 0.21011129098763248
        }
    }
}