{
    "supervised": {
        "ANN": {
            "mse": 0.9973967835956411,
            "mae": 0.7565881716304435,
            "r2": -0.05171299635581161
        },
        "RandomForest": {
            "mse": 0.7105551950995048,
            "mae": 0.644534192820377,
            "r2": 0.2507494052464734
        },
        "GradientBoosting": {
            "mse": 0.7412881679474105,
            "mae": 0.6604635946021393,
            "r2": 0.2183427768189482
        },
        "SVR": {
            "mse": 0.723503230681589,
            "mae": 0.6251616442330564,
            "r2": 0.23709624581892486
        }
    }
}