{
    "supervised": {
        "ANN": {
            "mse": 1.079846535831544,
            "mae": 0.7855217170717723,
            "r2": 0.011202663480602615
        },
        "RandomForest": {
            "mse": 0.899697969894168,
            "mae": 0.7288137521457112,
            "r2": 0.17616167966107843
        },
        "GradientBoosting": {
            "mse": 0.907633879718278,
            "mae": 0.735096231145616,
            "r2": 0.16889490032109067
        },
        "SVR": {
            "mse": 0.9372117905429495,
            "mae": 0.7230688685707973,
            "r2": 0.14181090414868835
        }
    }
}