{
    "supervised": {
        "ANN": {
            "mse": 1.005262282845112,
            "mae": 0.7900571168896519,
            "r2": 0.03620120680828598
        },
        "RandomForest": {
            "mse": 0.8155436015149207,
            "mae": 0.75014965127141,
            "r2": 0.21809466807936295
        },
        "GradientBoosting": {
            "mse": 0.8202471146294346,
            "mae": 0.7492712699004827,
            "r2": 0.21358515813266543
        },
        "SVR": {
            "mse": 0.8621525179630847,
            "mae": 0.7494782067898159,
            "r2": 0.17340820347076757
        }
    }
}