{
    "supervised": {
        "ANN": {
            "mse": 0.8163264382725535,
            "mae": 0.7025191679036424,
            "r2": 0.22490580862607013
        },
        "RandomForest": {
            "mse": 0.6505868442312606,
            "mae": 0.637458328582343,
            "r2": 0.38227397728899426
        },
        "GradientBoosting": {
            "mse": 0.6834790007244282,
            "mae": 0.6519068543071586,
            "r2": 0.3510431874427582
        },
        "SVR": {
            "mse": 0.6990141103821708,
            "mae": 0.6516807981295755,
            "r2": 0.336292748533106
        }
    }
}