{
    "supervised": {
        "ANN": {
            "mse": 1.0262908594497795,
            "mae": 0.7783733044668872,
            "r2": 0.0002896879597846791
        },
        "RandomForest": {
            "mse": 0.8011109282460054,
            "mae": 0.6941366378812427,
            "r2": 0.21963754360531673
        },
        "GradientBoosting": {
            "mse": 0.8255797462298731,
            "mae": 0.7024225132465896,
            "r2": 0.19580245880779434
        },
        "SVR": {
            "mse": 0.8974710032148879,
            "mae": 0.71522102300241,
            "r2": 0.125773158350043
        }
    }
}