{
    "supervised": {
        "ANN": {
            "mse": 1.1941997672778044,
            "mae": 0.8572805381555785,
            "r2": -0.3616557367152844
        },
        "RandomForest": {
            "mse": 0.7934874786986497,
            "mae": 0.6994495149929871,
            "r2": 0.09524620001837714
        },
        "GradientBoosting": {
            "mse": 0.7837156298810805,
            "mae": 0.6851037354144892,
            "r2": 0.10638830066631855
        },
        "SVR": {
            "mse": 0.7861129778210059,
            "mae": 0.6950223460904009,
            "r2": 0.1036547860025675
        }
    }
}