{
    "supervised": {
        "ANN": {
            "mse": 0.965581260649028,
            "mae": 0.7338977503612502,
            "r2": 0.03788304426262867
        },
        "RandomForest": {
            "mse": 0.7074521325018356,
            "mae": 0.6468814798125538,
            "r2": 0.29508605873826865
        },
        "GradientBoosting": {
            "mse": 0.7367092548102454,
            "mae": 0.6654214465062214,
            "r2": 0.2659339049049573
        },
        "SVR": {
            "mse": 0.6890953851150986,
            "mae": 0.6190658829097188,
            "r2": 0.31337694592998566
        }
    }
}