{
    "supervised": {
        "ANN": {
            "mse": 0.6763868957923227,
            "mae": 0.6242829914013706,
            "r2": 0.3441400467615191
        },
        "RandomForest": {
            "mse": 0.5639459346449456,
            "mae": 0.5699082544859098,
            "r2": 0.4531686574264592
        },
        "GradientBoosting": {
            "mse": 0.5728774992544028,
            "mae": 0.5795670317541887,
            "r2": 0.44450814731967603
        },
        "SVR": {
            "mse": 0.5602377598321904,
            "mae": 0.5640953952936542,
            "r2": 0.45676429680744524
        }
    }
}