{
    "supervised": {
        "ANN": {
            "mse": 0.8338570318592036,
            "mae": 0.7040099633963132,
            "r2": 0.2599371482594993
        },
        "RandomForest": {
            "mse": 0.7771465331302586,
            "mae": 0.6802522854275026,
            "r2": 0.31026871807236334
        },
        "GradientBoosting": {
            "mse": 0.7885899511799443,
            "mae": 0.6853855643229676,
            "r2": 0.30011248232457977
        },
        "SVR": {
            "mse": 0.7705656640962435,
            "mae": 0.6758689675848759,
            "r2": 0.3161093556375165
        }
    }
}