{
    "supervised": {
        "ANN": {
            "mse": 1.0252308677249393,
            "mae": 0.8037716750695912,
            "r2": 0.08557190372423407
        },
        "RandomForest": {
            "mse": 0.8315527770676382,
            "mae": 0.7291627743764654,
            "r2": 0.25831805613289993
        },
        "GradientBoosting": {
            "mse": 0.8696244260932529,
            "mae": 0.7450530516735903,
            "r2": 0.22436103568361687
        },
        "SVR": {
            "mse": 0.8608795945502682,
            "mae": 0.7443809674588314,
            "r2": 0.23216076149352016
        }
    }
}