{
    "supervised": {
        "ANN": {
            "mse": 0.8911405205362983,
            "mae": 0.7170341384466521,
            "r2": 0.12530256599324385
        },
        "RandomForest": {
            "mse": 0.6916756792110907,
            "mae": 0.6628488462087728,
            "r2": 0.3210869354176361
        },
        "GradientBoosting": {
            "mse": 0.7082526626751386,
            "mae": 0.663690836188435,
            "r2": 0.30481582601858315
        },
        "SVR": {
            "mse": 0.7175971415720159,
            "mae": 0.6641683341357014,
            "r2": 0.2956437689469219
        }
    }
}