{
    "supervised": {
        "ANN": {
            "mse": 1.1663288248052925,
            "mae": 0.8214552812647721,
            "r2": -0.09304182138843364
        },
        "RandomForest": {
            "mse": 0.8146389102126461,
            "mae": 0.6861166260258987,
            "r2": 0.2365494367839457
        },
        "GradientBoosting": {
            "mse": 0.8614416400303574,
            "mae": 0.7077133410843248,
            "r2": 0.19268758585657775
        },
        "SVR": {
            "mse": 0.8741625837283397,
            "mae": 0.707184523201054,
            "r2": 0.18076597063649313
        }
    }
}