{
    "supervised": {
        "ANN": {
            "mse": 1.1847403992957912,
            "mae": 0.826956852158082,
            "r2": -0.09109926421248593
        },
        "RandomForest": {
            "mse": 0.9018082513383023,
            "mae": 0.7256503050200385,
            "r2": 0.1694701049438031
        },
        "GradientBoosting": {
            "mse": 0.9197668619146304,
            "mae": 0.737901344722919,
            "r2": 0.1529309316381935
        },
        "SVR": {
            "mse": 0.9418314097052672,
            "mae": 0.7413855313258629,
            "r2": 0.13261035181002612
        }
    }
}