{
    "supervised": {
        "ANN": {
            "mse": 0.8865719389996577,
            "mae": 0.7086478657903506,
            "r2": 0.11739571073197552
        },
        "RandomForest": {
            "mse": 0.6430005824227586,
            "mae": 0.621459326301017,
            "r2": 0.359877019468373
        },
        "GradientBoosting": {
            "mse": 0.6636957560442434,
            "mae": 0.6320548084148051,
            "r2": 0.33927446235825454
        },
        "SVR": {
            "mse": 0.67514352865755,
            "mae": 0.6232905369363684,
            "r2": 0.32787792163030205
        }
    }
}