{
    "supervised": {
        "ANN": {
            "mse": 0.9758721113086025,
            "mae": 0.7494527725025771,
            "r2": 0.07845938255456619
        },
        "RandomForest": {
            "mse": 0.7088148106494224,
            "mae": 0.6500843680416057,
            "r2": 0.3306483188822543
        },
        "GradientBoosting": {
            "mse": 0.7130116345794176,
            "mae": 0.6577912351561354,
            "r2": 0.32668515232493633
        },
        "SVR": {
            "mse": 0.7681004864893908,
            "mae": 0.662859511757831,
            "r2": 0.27466336174891415
        }
    }
}