{
    "supervised": {
        "ANN": {
            "mse": 0.9392155637552886,
            "mae": 0.7347904690873246,
            "r2": 0.09501611199466264
        },
        "RandomForest": {
            "mse": 0.7647761660063227,
            "mae": 0.6719238064794898,
            "r2": 0.2630977010230363
        },
        "GradientBoosting": {
            "mse": 0.7920410917240684,
            "mae": 0.6879447291121368,
            "r2": 0.2368265025522972
        },
        "SVR": {
            "mse": 0.752194771446448,
            "mae": 0.6529354982559681,
            "r2": 0.27522054034205246
        }
    }
}