{
    "supervised": {
        "ANN": {
            "mse": 0.9759815531788902,
            "mae": 0.7673350843483072,
            "r2": 0.08530276209709176
        },
        "RandomForest": {
            "mse": 0.7466172956791888,
            "mae": 0.6833307036612434,
            "r2": 0.3002646659622704
        },
        "GradientBoosting": {
            "mse": 0.8184607926138007,
            "mae": 0.7211440220511778,
            "r2": 0.2329324013376638
        },
        "SVR": {
            "mse": 0.8114516838288685,
            "mae": 0.6979807411904156,
            "r2": 0.23950139070519483
        }
    }
}