{
    "supervised": {
        "ANN": {
            "mse": 0.8280125769197086,
            "mae": 0.6943729388186162,
            "r2": 0.2077436317953094
        },
        "RandomForest": {
            "mse": 0.6743828964973663,
            "mae": 0.6463987529639346,
            "r2": 0.3547390954543773
        },
        "GradientBoosting": {
            "mse": 0.7059609800526719,
            "mae": 0.657700907126614,
            "r2": 0.32452465368169314
        },
        "SVR": {
            "mse": 0.6553892437981618,
            "mae": 0.6309455963557636,
            "r2": 0.3729125420007964
        }
    }
}