{
    "supervised": {
        "ANN": {
            "mse": 1.5392253563542029,
            "mae": 0.9303552170487654,
            "r2": -0.21723199931528492
        },
        "RandomForest": {
            "mse": 1.1127967338815874,
            "mae": 0.8019337279654873,
            "r2": 0.11999124259326321
        },
        "GradientBoosting": {
            "mse": 1.1113413697296735,
            "mae": 0.793313660296334,
            "r2": 0.12114215646630522
        },
        "SVR": {
            "mse": 1.0703687944904945,
            "mae": 0.769259273864939,
            "r2": 0.15354360403185918
        }
    }
}