{
    "supervised": {
        "ANN": {
            "mse": 0.8754858185262482,
            "mae": 0.7147710660169596,
            "r2": 0.14599510185118525
        },
        "RandomForest": {
            "mse": 0.749089465991431,
            "mae": 0.6747918985365301,
            "r2": 0.269290193431977
        },
        "GradientBoosting": {
            "mse": 0.7920308936265585,
            "mae": 0.7033357551124242,
            "r2": 0.22740237668169083
        },
        "SVR": {
            "mse": 0.7245917931869914,
            "mae": 0.6552565224331451,
            "r2": 0.293186791327139
        }
    }
}