{
    "supervised": {
        "ANN": {
            "mse": 0.7849604985070866,
            "mae": 0.6828671128023416,
            "r2": 0.17068391800671112
        },
        "RandomForest": {
            "mse": 0.6495300322490236,
            "mae": 0.6452542505156047,
            "r2": 0.31376712266894824
        },
        "GradientBoosting": {
            "mse": 0.6863373720572017,
            "mae": 0.656609749920926,
            "r2": 0.27487991892255703
        },
        "SVR": {
            "mse": 0.6069541469234895,
            "mae": 0.6112973533641354,
            "r2": 0.358748833815842
        }
    }
}