{
    "supervised": {
        "ANN": {
            "mse": 1.0439279269554338,
            "mae": 0.7764739237597345,
            "r2": -0.04464035843606211
        },
        "SVR": {
            "mse": 0.8164797634627943,
            "mae": 0.693202848206085,
            "r2": 0.18282564776231888
        },
        "RandomForest": {
            "mse": 0.7862639372951827,
            "mae": 0.6942218418355943,
            "r2": 0.21320517001848588
        },
        "GradientBoosting": {
            "mse": 0.8243796260560176,
            "mae": 0.7166357826239727,
            "r2": 0.17481010990320683
        }
    },
    "unsupervised": {
        "RandomForest": {
            "mse": 0.8635783444962367,
            "mae": 0.7268518933251494,
            "r2": 0.1361303702734134
        },
        "GradientBoosting": {
            "mse": 0.8616761086539395,
            "mae": 0.7349870765776774,
            "r2": 0.1378020800439898
        },
        "SVR": {
            "mse": 0.8773106146281421,
            "mae": 0.7186088119340128,
            "r2": 0.12269013458543838
        },
        "KeyBERT": {
            "mse": 0.947077705957281,
            "mae": 0.7612293508596152,
            "r2": 0.05247810112061373
        }
    }
}