{
    "unsupervised": {
        "KeyBERT_TFIDF": {
            "mse": 0.9377979282484121,
            "mae": 0.732840645632762,
            "r2": 0.043789315284417096
        },
        "RandomForest": {
            "mse": 0.7294822461313489,
            "mae": 0.6468384222931843,
            "r2": 0.25619507459996393
        },
        "GradientBoosting": {
            "mse": 0.7847134540044125,
            "mae": 0.6811667462780847,
            "r2": 0.1998794553101959
        },
        "SVR": {
            "mse": 0.6864058289699507,
            "mae": 0.6303903960016908,
            "r2": 0.3001172556032087
        }
    }
}