{
    "unsupervised": {
        "KeyBERT_TFIDF": {
            "mse": 1.0016972394650783,
            "mae": 0.7836657331296044,
            "r2": 0.061201827873345716
        },
        "RandomForest": {
            "mse": 0.7689314617952955,
            "mae": 0.6862742145417754,
            "r2": 0.2793516619756383
        },
        "GradientBoosting": {
            "mse": 0.8203098882987723,
            "mae": 0.7147907559559126,
            "r2": 0.23119941498136154
        },
        "SVR": {
            "mse": 0.7571766346790096,
            "mae": 0.6809023209737153,
            "r2": 0.2903683741873312
        }
    }
}