{
    "supervised": {
        "ANN": {
            "mse": 0.9383577676686607,
            "mae": 0.745578463327955,
            "r2": 0.06201870566573249
        },
        "SVR": {
            "mse": 0.7838422428389811,
            "mae": 0.6860028385363062,
            "r2": 0.21602295490210963
        },
        "RandomForest": {
            "mse": 0.766064186842608,
            "mae": 0.680262591089116,
            "r2": 0.23426451532340792
        },
        "GradientBoosting": {
            "mse": 0.798213813313705,
            "mae": 0.7007565533986996,
            "r2": 0.20188166584016579
        }
    },
    "unsupervised": {
        "RandomForest": {
            "mse": 0.8725237819329733,
            "mae": 0.7230470718851174,
            "r2": 0.12745432857666053
        },
        "GradientBoosting": {
            "mse": 0.8671316104475231,
            "mae": 0.7285401606457389,
            "r2": 0.1326134582747987
        },
        "SVR": {
            "mse": 0.8426802054362351,
            "mae": 0.7016299574400287,
            "r2": 0.1570978348692693
        },
        "KeyBERT": {
            "mse": 0.9358006556220028,
            "mae": 0.7511533813924475,
            "r2": 0.06456312023380831
        }
    }
}