{
    "supervised": {
        "ANN": {
            "mse": 0.9393988398531906,
            "mae": 0.7335976817803811,
            "r2": 0.05687067790760545
        },
        "SVR": {
            "mse": 0.7303036301627126,
            "mae": 0.646825794363932,
            "r2": 0.26839483844772744
        },
        "RandomForest": {
            "mse": 0.7265807227626079,
            "mae": 0.6641145381775517,
            "r2": 0.27181460596482226
        },
        "GradientBoosting": {
            "mse": 0.7606176407605247,
            "mae": 0.6810177421975633,
            "r2": 0.23812865438610245
        }
    },
    "unsupervised": {
        "RandomForest": {
            "mse": 0.7954668836322881,
            "mae": 0.6911309636575089,
            "r2": 0.20161030135803587
        },
        "GradientBoosting": {
            "mse": 0.821963616468763,
            "mae": 0.7144731911778319,
            "r2": 0.17633774645045416
        },
        "SVR": {
            "mse": 0.786191713848798,
            "mae": 0.6719645688775936,
            "r2": 0.21169885804805721
        },
        "KeyBERT": {
            "mse": 0.8677630242722412,
            "mae": 0.7251901256860565,
            "r2": 0.12827944695028093
        }
    }
}