{
    "supervised": {
        "ANN": {
            "mse": 1.1932885248932914,
            "mae": 0.8338555115487303,
            "r2": -0.19756764738305027
        },
        "SVR": {
            "mse": 0.9048653783486378,
            "mae": 0.7144739052891953,
            "r2": 0.0945333912362734
        },
        "RandomForest": {
            "mse": 0.8935630571977832,
            "mae": 0.7319969597660099,
            "r2": 0.10559393669728412
        },
        "GradientBoosting": {
            "mse": 0.91726920040573,
            "mae": 0.7404939876136061,
            "r2": 0.08112768276285702
        }
    },
    "unsupervised": {
        "RandomForest": {
            "mse": 0.9722216637929467,
            "mae": 0.754913472359217,
            "r2": 0.026639422149607173
        },
        "GradientBoosting": {
            "mse": 0.9367926553436883,
            "mae": 0.7431466626570499,
            "r2": 0.061136887923899666
        },
        "SVR": {
            "mse": 0.9523871189545012,
            "mae": 0.7319800352552028,
            "r2": 0.04626129943361719
        },
        "KeyBERT": {
            "mse": 1.0526530561519674,
            "mae": 0.7830593432664361,
            "r2": -0.05230794167312558
        }
    }
}