{
    "supervised": {
        "ANN": {
            "mse": 1.213031654543595,
            "mae": 0.8462053429614353,
            "r2": -0.21663582528822042
        },
        "SVR": {
            "mse": 0.9137870721842474,
            "mae": 0.7162952806711542,
            "r2": 0.08302807880040461
        },
        "RandomForest": {
            "mse": 0.897165128470079,
            "mae": 0.7430206217593551,
            "r2": 0.09939046120919721
        },
        "GradientBoosting": {
            "mse": 0.9034108549921426,
            "mae": 0.7471649952775352,
            "r2": 0.09375721985139016
        }
    },
    "unsupervised": {
        "RandomForest": {
            "mse": 0.9856146155737303,
            "mae": 0.765695048716996,
            "r2": 0.010657671275812786
        },
        "GradientBoosting": {
            "mse": 0.9185986058649196,
            "mae": 0.7557539193881989,
            "r2": 0.07963373235186026
        },
        "SVR": {
            "mse": 0.9632120198732718,
            "mae": 0.7385667996515792,
            "r2": 0.03393134688897774
        },
        "KeyBERT": {
            "mse": 1.0627517907748987,
            "mae": 0.794195562806955,
            "r2": -0.0676307512719454
        }
    }
}