{
    "supervised": {
        "ANN": {
            "mse": 1.0699070815456615,
            "mae": 0.8047937398624562,
            "r2": -0.07239337070479353
        },
        "SVR": {
            "mse": 0.8750829497964802,
            "mae": 0.7328787452084204,
            "r2": 0.12322328184018749
        },
        "RandomForest": {
            "mse": 0.8161917540972334,
            "mae": 0.7172465177287127,
            "r2": 0.18213838615024566
        },
        "GradientBoosting": {
            "mse": 0.8778346558883454,
            "mae": 0.7510293853701397,
            "r2": 0.12046157384093661
        }
    },
    "unsupervised": {
        "RandomForest": {
            "mse": 0.8966623064696101,
            "mae": 0.746533046406669,
            "r2": 0.1013638894973449
        },
        "GradientBoosting": {
            "mse": 0.8934871163597722,
            "mae": 0.7582270315807108,
            "r2": 0.10491257170624808
        },
        "SVR": {
            "mse": 0.8873544916379033,
            "mae": 0.7310984974318565,
            "r2": 0.11095085142907637
        },
        "KeyBERT": {
            "mse": 1.0033843167333774,
            "mae": 0.7888754048519251,
            "r2": -0.005745020337355378
        }
    }
}