{
    "supervised": {
        "ANN": {
            "mse": 0.8049396153763692,
            "mae": 0.694983638706131,
            "r2": 0.1926074526396077
        },
        "SVR": {
            "mse": 0.6392367667111802,
            "mae": 0.6380035629392483,
            "r2": 0.35938860541802986
        },
        "RandomForest": {
            "mse": 0.6579348125972816,
            "mae": 0.6557696966191932,
            "r2": 0.3409385816092344
        },
        "GradientBoosting": {
            "mse": 0.6688817828358611,
            "mae": 0.6698977737217804,
            "r2": 0.32977964010221733
        }
    },
    "unsupervised": {
        "RandomForest": {
            "mse": 0.7564472756039122,
            "mae": 0.6905249268367226,
            "r2": 0.24225756963981845
        },
        "GradientBoosting": {
            "mse": 0.8036090440100103,
            "mae": 0.7439317395103296,
            "r2": 0.19458990491075318
        },
        "SVR": {
            "mse": 0.7423384733617607,
            "mae": 0.6791999026754322,
            "r2": 0.256005287997941
        },
        "KeyBERT": {
            "mse": 0.8025837581839008,
            "mae": 0.7072158605947347,
            "r2": 0.1952435209787444
        }
    }
}