{
    "supervised": {
        "ANN": {
            "mse": 0.8585385934872347,
            "mae": 0.7004016037526226,
            "r2": 0.14085042268934309
        },
        "SVR": {
            "mse": 0.6610453037907342,
            "mae": 0.6298360401183205,
            "r2": 0.33792738949281126
        },
        "RandomForest": {
            "mse": 0.6620744029114846,
            "mae": 0.6373271514361538,
            "r2": 0.33703647208519055
        },
        "GradientBoosting": {
            "mse": 0.684490851955667,
            "mae": 0.6527646292862105,
            "r2": 0.31472935730217777
        }
    },
    "unsupervised": {
        "RandomForest": {
            "mse": 0.7383279416093474,
            "mae": 0.662018393868238,
            "r2": 0.26031486326508685
        },
        "GradientBoosting": {
            "mse": 0.7755878324529484,
            "mae": 0.6919265386372018,
            "r2": 0.22300452077854063
        },
        "SVR": {
            "mse": 0.7247560927626436,
            "mae": 0.6506061875181056,
            "r2": 0.2741050972991384
        },
        "KeyBERT": {
            "mse": 0.7997792241777177,
            "mae": 0.6933407948446975,
            "r2": 0.19867146235391459
        }
    }
}