{
    "supervised": {
        "ANN": {
            "mse": 0.5879699391124006,
            "mae": 0.5779191278326281,
            "r2": 0.40865377045562556
        },
        "SVR": {
            "mse": 0.5048056374110867,
            "mae": 0.5492387255149076,
            "r2": 0.49370212693117066
        },
        "RandomForest": {
            "mse": 0.5034581210429152,
            "mae": 0.544250474804075,
            "r2": 0.4949463021991695
        },
        "GradientBoosting": {
            "mse": 0.522217836135344,
            "mae": 0.560998474038198,
            "r2": 0.4761821050620565
        }
    },
    "unsupervised": {
        "RandomForest": {
            "mse": 0.6104986394954882,
            "mae": 0.5978346613253293,
            "r2": 0.38932062668331474
        },
        "GradientBoosting": {
            "mse": 0.675664560146905,
            "mae": 0.6461127812812866,
            "r2": 0.32393944944121655
        },
        "SVR": {
            "mse": 0.5902352278984059,
            "mae": 0.5852778608802247,
            "r2": 0.40941442841893877
        },
        "KeyBERT": {
            "mse": 0.6559696772557195,
            "mae": 0.6159333531511804,
            "r2": 0.3435209946449659
        }
    }
}