{
    "supervised": {
        "ANN": {
            "mse": 0.9187564452963286,
            "mae": 0.7363114084647288,
            "r2": 0.07981874760331639
        },
        "SVR": {
            "mse": 0.7329911874595247,
            "mae": 0.6617228448651564,
            "r2": 0.2663510518813011
        },
        "RandomForest": {
            "mse": 0.7227828957952349,
            "mae": 0.6635744325893069,
            "r2": 0.2760983180169401
        },
        "GradientBoosting": {
            "mse": 0.7514495105096397,
            "mae": 0.6805879867824541,
            "r2": 0.24743200563919493
        }
    },
    "unsupervised": {
        "RandomForest": {
            "mse": 0.8347375714078646,
            "mae": 0.7050669124337668,
            "r2": 0.16362892281268773
        },
        "GradientBoosting": {
            "mse": 0.8333545838264454,
            "mae": 0.7149991773153194,
            "r2": 0.1659711413535248
        },
        "SVR": {
            "mse": 0.8023283008427022,
            "mae": 0.681247827470924,
            "r2": 0.19645367941319788
        },
        "KeyBERT": {
            "mse": 0.8987417735602076,
            "mae": 0.7301995952994607,
            "r2": 0.10002702993902635
        }
    }
}