{
    "supervised": {
        "ANN": {
            "mse": 0.8004072333149171,
            "mae": 0.6772113391422614,
            "r2": 0.19625041370452637
        },
        "SVR": {
            "mse": 0.689536311899214,
            "mae": 0.6315801175284883,
            "r2": 0.30911083287891794
        },
        "RandomForest": {
            "mse": 0.6795077115609038,
            "mae": 0.6416832682484055,
            "r2": 0.31744560881720413
        },
        "GradientBoosting": {
            "mse": 0.6888716707882742,
            "mae": 0.650488910018211,
            "r2": 0.30859328217877496
        }
    },
    "unsupervised": {
        "RandomForest": {
            "mse": 0.7587886852084594,
            "mae": 0.6684401181068393,
            "r2": 0.23853502831924578
        },
        "GradientBoosting": {
            "mse": 0.7879150826266248,
            "mae": 0.698752475942873,
            "r2": 0.21032242839929016
        },
        "SVR": {
            "mse": 0.7581810001423531,
            "mae": 0.6538482070835409,
            "r2": 0.24040783168140017
        },
        "KeyBERT": {
            "mse": 0.8232903155093897,
            "mae": 0.694824290098204,
            "r2": 0.17396730221616521
        }
    }
}